"Date","Citibank","Wells Fargo","Bank of America","JP Morgan","Bank of Ozarks","SP500"
"2008-03-31",21.53,25.27,34.9,37.35,10.69,1322.7
"2008-04-01",23.08,27.35,37.61,40.87,10.85,1370.18
"2008-04-02",23,26.52,37.1,40.54,10.81,1367.53
"2008-04-03",21.69,26.74,37.16,40.57,10.69,1369.31
"2008-04-04",20.95,26.86,36.28,39.95,10.49,1370.4
"2008-04-07",20.94,26.74,36.36,39.92,10.58,1372.54
"2008-04-08",20.65,25.99,35.33,39.33,10.83,1365.54
"2008-04-09",19.88,25.58,34.92,38.83,10.62,1354.49
"2008-04-10",20.77,24.77,34.7,38.45,10.7,1360.55
"2008-04-11",20.19,24.29,34.01,37.28,10.9,1332.83
"2008-04-14",19.21,23.62,32.75,36.38,11.29,1328.32
"2008-04-15",18.85,24.15,32.75,36.92,11.35,1334.43
"2008-04-16",19.62,25.2,34.04,39.41,11.78,1364.71
"2008-04-17",18.92,25.8,34.49,39.55,11.66,1365.56
"2008-04-18",18.64,26.4,35.5,40.11,11.68,1390.33
"2008-04-21",18.19,25.42,34.62,39.65,11.55,1388.17
"2008-04-22",18.28,25.52,34.06,40.02,11.33,1375.94
"2008-04-23",18.49,25.12,33.93,39.58,11.21,1379.93
"2008-04-24",19.12,25.92,34.86,41.18,11.55,1388.82
"2008-04-25",19.06,26.57,35.26,41.89,11.55,1397.84
"2008-04-28",18.13,26.35,35.15,41.5,11.49,1396.37
"2008-04-29",17.96,25.95,34.85,41.27,11.26,1390.94
"2008-04-30",17.52,25.84,34.56,41.77,11.21,1385.59
"2008-05-01",18.55,27.08,36.26,43.17,11.44,1409.34
"2008-05-02",18.18,27.05,36.63,42.66,11.08,1413.9
"2008-05-05",17.69,27.05,35.87,42.08,11.06,1407.49
"2008-05-06",17.27,27.16,36.12,42.25,10.94,1418.26
"2008-05-07",16.46,26.23,34.98,40.82,10.77,1392.57
"2008-05-08",15.85,25.77,34.36,40.37,10.7,1397.68
"2008-05-09",16.04,25.73,33.74,40.82,10.71,1388.28
"2008-05-12",15.55,26.11,34.47,41.41,11.03,1403.58
"2008-05-13",15.3,25.41,33.7,39.87,11.27,1403.04
"2008-05-14",14.82,25.36,33.88,40.25,11.4,1408.66
"2008-05-15",14.83,25.97,33.79,41.22,11.44,1423.57
"2008-05-16",14.72,25.4,33.3,40.79,11.39,1425.35
"2008-05-19",14.6,24.98,33.23,40.32,11.52,1426.63
"2008-05-20",14.48,24.61,32.58,38.31,11.23,1413.4
"2008-05-21",14.14,24.3,31.88,37.19,11.16,1390.71
"2008-05-22",14.43,24.48,31.97,37.74,11.61,1394.35
"2008-05-23",14.37,24.28,31.24,37.1,11.56,1375.93
"2008-05-27",14.25,24.18,31.46,37.7,11.69,1385.35
"2008-05-28",13.98,24.1,31.18,37.57,11.37,1390.84
"2008-05-29",14.01,24.54,31.85,38.19,11.22,1398.26
"2008-05-30",14,24.18,31.31,37.7,10.95,1400.38
"2008-06-02",13.84,23.78,30.91,36.95,10.73,1385.67
"2008-06-03",13.37,23.49,30.66,36.72,10.76,1377.65
"2008-06-04",13.73,23.37,30.03,36.49,10.77,1377.2
"2008-06-05",13.91,23.86,30.03,36.91,10.83,1404.05
"2008-06-06",13.13,22.3,28.63,35.14,10.47,1360.68
"2008-06-09",12.37,22.17,27.79,32.88,10.38,1361.76
"2008-06-10",11.93,22.73,27.8,33.57,10.58,1358.44
"2008-06-11",11.76,22.41,27.08,32.55,10.34,1335.49
"2008-06-12",11.62,22.82,27.63,33.32,10.28,1339.87
"2008-06-13",11.27,22.88,27.95,34.7,9.87,1360.03
"2008-06-16",11.87,23.14,28.46,35.01,9.43,1360.14
"2008-06-17",10.91,22.28,27.44,34.22,8.55,1350.93
"2008-06-18",10.65,22.31,26.63,33.96,7.78,1337.81
"2008-06-19",9.78,22.48,26.41,33.88,7.1,1342.83
"2008-06-20",9.4,21.49,25.44,33.19,8.04,1317.93
"2008-06-23",9.38,21.28,24.29,32.32,7.41,1318
"2008-06-24",8.84,22.11,24.99,33.07,7.34,1314.29
"2008-06-25",7.93,22.28,24.98,33.23,7.54,1321.97
"2008-06-26",8.47,21.11,23.29,31.84,7.57,1283.15
"2008-06-27",8.61,21.08,23.08,30.73,6.94,1278.38
"2008-06-30",8.41,20.83,22.4,30.08,6.68,1280
"2008-07-01",8.74,21.16,22.35,30.16,6.89,1284.91
"2008-07-02",8.88,20.69,21.16,30.67,7,1261.52
"2008-07-03",9,20.98,21.02,31.3,7.17,1262.9
"2008-07-07",8.27,20.63,20.21,30.17,6.36,1252.31
"2008-07-08",10.05,21.64,22.09,31.71,7.13,1273.7
"2008-07-09",8.66,20.8,20.71,30.39,7.22,1244.69
"2008-07-10",8.69,20.71,20.99,30.59,7.37,1253.39
"2008-07-11",8.61,20.18,20.34,29.39,8.1,1239.49
"2008-07-14",7.92,18.92,18.91,28.09,7.73,1228.3
"2008-07-15",8.38,17.99,17.38,27.5,7.58,1214.91
"2008-07-16",9.19,23.89,21.28,31.86,7.74,1245.36
"2008-07-17",10.19,24.41,24.87,36.17,8.67,1260.32
"2008-07-18",9.87,24.44,25.8,35.48,8.57,1260.68
"2008-07-21",8.32,24.16,26.81,34.26,8.69,1260
"2008-07-22",9.31,26.69,30.36,36.22,9.03,1277
"2008-07-23",9.36,26.71,31.39,37.2,9.3,1282.19
"2008-07-24",8.81,25.57,28.76,34.7,8.99,1252.54
"2008-07-25",9.07,25.52,27.76,35.03,9.12,1257.76
"2008-07-28",8.52,24.5,26.34,33.38,8.86,1234.37
"2008-07-29",9.51,26.72,30.24,36.12,9.26,1263.2
"2008-07-30",9.36,27.37,31.55,36.85,9.34,1284.26
"2008-07-31",9.28,26.55,30.88,36.02,9.27,1267.38
"2008-08-01",9.67,26.75,31.28,36.13,9.31,1260.31
"2008-08-04",9.83,26.47,30.62,35.58,9.32,1249.01
"2008-08-05",10.36,27.67,31.52,37.13,9.35,1284.88
"2008-08-06",10.5,26.88,31.4,36.69,9.64,1289.19
"2008-08-07",10.26,25.72,29.58,35.29,9.53,1266.07
"2008-08-08",11,26.75,30.27,36.41,9.75,1296.32
"2008-08-11",12.95,28.03,31.33,37.13,10.69,1305.32
"2008-08-12",11.34,26.94,29.22,33.61,10.6,1289.59
"2008-08-13",11.36,25.97,27.09,32.72,10.48,1285.83
"2008-08-14",11.94,26.75,28.33,33.52,10.6,1292.93
"2008-08-15",11.91,26.39,28.82,33.75,10.57,1298.2
"2008-08-18",11.19,25.54,27.5,32.57,10.21,1278.6
"2008-08-19",10.89,24.64,26.36,31.54,9.94,1266.69
"2008-08-20",11.04,25.65,27.49,32.8,9.33,1274.54
"2008-08-21",11.58,25.22,27.26,32.14,9.22,1277.72
"2008-08-22",11.44,26.04,28.36,33.39,9.39,1292.2
"2008-08-25",11.36,25.42,27.18,32.03,9.53,1266.84
"2008-08-26",11.75,25.44,27.24,32.45,9.7,1271.51
"2008-08-27",11.79,25.64,27.83,32.92,9.74,1281.66
"2008-08-28",12.19,26.98,29.5,34.47,10.07,1300.68
"2008-08-29",11.88,26.84,29.23,34.12,10.12,1282.83
"2008-09-02",12.85,27.68,30.63,34.56,10.95,1277.58
"2008-09-03",14.22,27.5,31.56,35.2,11.57,1274.98
"2008-09-04",13.56,26.31,29.3,33.61,11.31,1236.83
"2008-09-05",13.57,27.67,30.86,35.1,11.41,1242.31
"2008-09-08",14.48,29.76,33.25,36.83,12.26,1267.79
"2008-09-09",13.69,27.64,31.13,34.99,12.12,1224.51
"2008-09-10",13.37,28.11,31.02,34.93,12.12,1232.04
"2008-09-11",12.77,30.02,31.65,36.92,11.92,1249.05
"2008-09-12",12.38,30.41,32.3,36.5,12.32,1251.7
"2008-09-15",11.31,27.49,25.42,32.8,12.31,1192.7
"2008-09-16",11.87,30.97,28.29,36.11,12.54,1213.6
"2008-09-17",12.68,29.64,26.04,31.71,12.32,1156.39
"2008-09-18",13.62,32.81,29.28,35.72,14,1206.51
"2008-09-19",18.04,35.29,35.88,41.71,13.98,1255.08
"2008-09-22",16.46,31.2,32.69,36.17,12.53,1207.09
"2008-09-23",16.58,30.3,31.88,35.95,11.94,1188.22
"2008-09-24",16.44,30.39,31.66,35.9,11.75,1185.87
"2008-09-25",16.73,30.26,32.91,38.53,11.74,1209.18
"2008-09-26",16.51,33.09,35.14,42.76,11.76,1213.27
"2008-09-29",14.89,29.48,28.96,36.34,11.31,1106.42
"2008-09-30",15.43,33.28,33.51,41.4,12.21,1166.36
"2008-10-01",15.51,32.54,36.51,43.99,12.45,1161.06
"2008-10-02",15.08,31.18,34.82,44.53,12.56,1114.28
"2008-10-03",15.08,30.65,33.01,41,12.64,1099.23
"2008-10-06",15.24,29.83,30.85,39.3,12.71,1056.89
"2008-10-07",13.61,27.13,22.76,35.12,12.07,996.23
"2008-10-08",13.01,28.29,21.16,35.11,11,984.94
"2008-10-09",10.09,24.16,18.79,32.77,9.43,909.92
"2008-10-10",12.36,25.1,19.98,37.2,10.75,899.22
"2008-10-13",13.9,26.96,21.82,37.51,11.32,1003.35
"2008-10-14",13.13,29.72,25.4,36.37,11.89,998.01
"2008-10-15",11.1,29.57,22.8,34.38,12.5,907.84
"2008-10-16",12.85,30.06,23.22,36.17,13.57,946.43
"2008-10-17",11.73,28.43,22.25,35.13,12.92,940.55
"2008-10-20",11.96,28.58,23.36,36.32,13.12,985.4
"2008-10-21",11.9,28.94,22.95,35.5,12.92,955.05
"2008-10-22",11.63,27.76,21.69,33.2,12.92,896.78
"2008-10-23",11.14,27.78,22.02,33.81,12.67,908.11
"2008-10-24",10.03,27.41,20.17,31.65,12.84,876.77
"2008-10-27",8.37,27.34,19.66,30.37,12.87,848.92
"2008-10-28",9.26,30.56,22.04,33.59,13.31,940.51
"2008-10-29",9.15,28.47,21.37,31.9,13.55,930.09
"2008-10-30",9.64,28.23,21.81,33.61,13.84,954.09
"2008-10-31",10.18,30.19,23.14,36.85,13.82,968.75
"2008-11-03",9.76,29.97,22.6,36.38,13.77,966.3
"2008-11-04",9.64,31.13,23.48,37.67,14.7,1005.75
"2008-11-05",8.76,28.37,20.82,35.03,14.71,952.77
"2008-11-06",8.29,25.76,19.26,34.18,14.05,904.88
"2008-11-07",8.28,26.42,19.62,33.72,14.2,930.99
"2008-11-10",7.99,25.63,18.65,32.52,14.1,919.21
"2008-11-11",7.85,25.82,17.89,32.47,13.77,898.95
"2008-11-12",7.09,24.45,16.28,30.88,13.37,852.3
"2008-11-13",8.07,26.05,16.37,33.22,13.92,911.29
"2008-11-14",7.36,25.73,15.72,30.79,12.76,873.29
"2008-11-17",7.37,24.92,14.39,29.27,12.28,850.75
"2008-11-18",6.91,24.36,14.54,28.71,11.81,859.12
"2008-11-19",6.14,21.85,12.5,25.43,11.55,806.58
"2008-11-20",5.92,20.17,10.77,20.89,11.55,752.44
"2008-11-21",6.26,19.48,10.98,20.3,11.63,800.03
"2008-11-24",6.85,23.3,13.97,24.64,11.98,851.81
"2008-11-25",6.05,24.13,14.17,26.59,12.43,857.39
"2008-11-26",6.52,25.65,14.77,27.35,12.65,887.68
"2008-11-28",6.53,25.87,15.56,28.28,12.37,896.24
"2008-12-01",5.4,20.96,12.3,23.33,11.1,816.21
"2008-12-02",5.81,23.18,13.76,25.49,11.77,848.81
"2008-12-03",6.25,25.16,14.74,27.02,11.9,870.74
"2008-12-04",6.08,24.67,14.04,27.76,11.69,845.22
"2008-12-05",6.43,26.81,14.92,29.79,12.63,876.07
"2008-12-08",6.49,29.24,17.47,32.6,12.75,909.7
"2008-12-09",6.12,27.31,16.6,30.34,12.55,888.67
"2008-12-10",6.33,26.14,16.34,29.94,12.39,899.24
"2008-12-11",5.37,23.19,14.6,26.75,11.62,873.59
"2008-12-12",5.91,23.93,14.62,27.64,12.28,879.73
"2008-12-15",5.52,23.34,13.82,25.57,11.78,868.57
"2008-12-16",6.11,26.67,14.79,28.9,12.21,913.18
"2008-12-17",6.02,26.85,14.32,28.46,12.57,904.42
"2008-12-18",6.19,26.55,13.67,26.99,12.29,885.28
"2008-12-19",6.38,26.29,13.51,27.08,11.91,887.88
"2008-12-22",6.27,24.55,13.25,26.64,12.09,871.63
"2008-12-23",5.83,24.17,12.48,26,12.08,863.16
"2008-12-24",5.44,24.61,13.25,26.66,12.08,868.15
"2008-12-26",5.52,24.63,13.08,26.62,12.39,872.8
"2008-12-29",5.29,24.92,12.67,26.6,12.13,869.42
"2008-12-30",5.1,25.79,12.96,27.7,12.73,890.64
"2008-12-31",5.2,26.4,13.79,28.17,13.47,903.25
"2009-01-02",5.59,26.86,14.03,28.35,13.4,931.8
"2009-01-05",5.5,25.13,13.69,26.45,13.31,927.45
"2009-01-06",5.75,24.66,13.98,27.02,13.3,934.7
"2009-01-07",5.78,23.16,13.42,25.4,12.41,906.65
"2009-01-08",5.7,23.03,13.26,24.61,11.73,909.73
"2009-01-09",5.37,22.51,12.72,23.48,10.71,890.35
"2009-01-12",4.99,21.31,11.19,22.52,10.63,870.26
"2009-01-13",4.94,21.83,10.43,23.83,10.77,871.79
"2009-01-14",4.26,20.66,9.99,23.43,10.59,842.62
"2009-01-15",4.04,18.05,8.15,22.01,10.41,843.74
"2009-01-16",3.85,16.73,7.03,20.63,9.75,850.12
"2009-01-20",3.28,12.74,4.99,16.36,9.28,805.22
"2009-01-21",3.77,14.91,6.54,20.46,10.29,840.24
"2009-01-22",3.59,14.14,5.59,20.89,10.03,827.5
"2009-01-23",3.42,14.21,6.11,21.95,9.75,831.95
"2009-01-26",3.79,13.86,5.88,22.15,9.72,836.57
"2009-01-27",3.7,14.5,6.36,22.66,9.99,845.71
"2009-01-28",3.7,18.97,7.24,25.01,10.8,874.09
"2009-01-29",3.42,16.82,6.64,22.99,10.25,845.14
"2009-01-30",3.15,16.92,6.44,23.07,10.37,825.88
"2009-02-02",1.78,17.22,5.88,22.79,10.4,825.44
"2009-02-03",1.59,16.59,5.19,21.75,10.07,838.51
"2009-02-04",1.57,15.92,4.6,21.74,10,832.23
"2009-02-05",1.84,14.84,4.74,22.19,10.52,845.85
"2009-02-06",2.07,17.46,6,24.98,10.91,868.6
"2009-02-09",2.61,17.39,6.75,24.67,10.66,869.89
"2009-02-10",2.34,14.91,5.44,22.26,9.98,827.16
"2009-02-11",2.2,15.96,5.94,23.59,10.15,833.74
"2009-02-12",2.07,15.32,5.75,23.68,10.41,835.19
"2009-02-13",1.89,14.38,5.45,22.32,10.14,826.84
"2009-02-17",1.82,12.49,4.8,19.58,9.73,789.17
"2009-02-18",1.69,11.9,4.47,19.45,9.2,788.42
"2009-02-19",1.68,10.96,3.85,18.63,8.89,778.94
"2009-02-20",1.66,9.95,3.71,17.99,8.6,770.05
"2009-02-23",1.6,10.06,3.83,17.64,8.68,743.33
"2009-02-24",1.74,11.9,4.63,19.01,8.97,773.14
"2009-02-25",1.71,12.26,5.05,19.65,8.91,764.9
"2009-02-26",1.65,13.14,5.21,20.84,9.47,752.83
"2009-02-27",1.71,11.04,3.87,20.66,9.49,735.09
"2009-03-02",1.55,9.89,3.55,19.13,9.54,700.82
"2009-03-03",1.51,9.73,3.57,19,9.13,696.33
"2009-03-04",1.71,8.81,3.52,17.45,9,712.87
"2009-03-05",1.49,7.41,3.11,15.01,8.27,682.55
"2009-03-06",1.4,7.85,3.08,14.4,7.79,683.38
"2009-03-09",1.33,9.09,3.68,14.38,7.84,676.53
"2009-03-10",1.62,10.77,4.7,17.63,8.56,719.6
"2009-03-11",1.69,10.84,4.84,18.45,8.67,721.36
"2009-03-12",1.92,12.72,5.74,20.98,9.78,750.74
"2009-03-13",2.01,12.72,5.66,21.47,9.75,756.55
"2009-03-16",2.9,12.5,6.07,20.88,9.75,753.89
"2009-03-17",2.61,13.37,6.16,22.73,9.65,778.12
"2009-03-18",2.74,15.71,7.53,24.51,10.22,794.35
"2009-03-19",2.75,14.07,6.8,22.56,10.21,784.04
"2009-03-20",2.95,12.76,6.08,20.93,9.73,768.54
"2009-03-23",3.48,15.81,7.66,26.09,10.51,822.92
"2009-03-24",3.45,14.14,7.09,23.87,10.04,806.12
"2009-03-25",4.08,14.98,7.56,25.82,10.17,813.88
"2009-03-26",4.49,14.55,7.44,26.31,10.6,832.86
"2009-03-27",4.74,14.22,7.21,24.77,10.41,815.94
"2009-03-30",3.76,12.2,5.92,22.47,10.05,787.53
"2009-03-31",3.3,12.99,6.7,24.03,10.55,797.87
"2009-04-01",2.86,13.21,6.92,25.44,10.88,811.08
"2009-04-02",3.05,13.98,7.11,25.51,10.83,834.38
"2009-04-03",3.02,14.9,7.46,26.52,10.66,842.5
"2009-04-06",2.94,13.91,7.34,25.54,10.56,835.48
"2009-04-07",2.94,13.55,7.23,24.68,9.81,815.55
"2009-04-08",2.88,13.58,6.93,24.85,9.62,825.16
"2009-04-09",3.1,17.89,9.38,29.66,10.25,856.56
"2009-04-13",3.6,17.94,10.82,30.53,10.9,858.73
"2009-04-14",3.44,16.67,9.91,27.81,11.51,841.5
"2009-04-15",3.58,17.83,10.25,29.49,11.55,852.06
"2009-04-16",3.58,17.74,10.15,30.11,11.54,865.3
"2009-04-17",3.56,18.48,10.41,30.13,11.65,869.6
"2009-04-20",3.21,15.51,7.87,26.89,11.13,832.39
"2009-04-21",3.38,17.16,8.6,29.47,11.49,850.08
"2009-04-22",3.42,16.58,8.11,28.89,11.44,843.55
"2009-04-23",3.27,18.33,8.66,30.08,10.93,851.92
"2009-04-24",3.24,19.52,8.94,30.24,11.22,866.23
"2009-04-27",3.07,18.52,8.76,29.69,11.05,857.51
"2009-04-28",3.02,17.77,8,29.7,11.14,855.16
"2009-04-29",3.2,18.22,8.52,31.23,11.77,873.64
"2009-04-30",3.13,18.25,8.77,29.89,11.41,872.81
"2009-05-01",3.14,17.89,8.54,29.43,11.25,877.52
"2009-05-04",3.25,22.12,10.19,32.42,11.45,907.24
"2009-05-05",3.27,21.23,10.64,31.54,10.74,903.8
"2009-05-06",3.29,24.54,12.46,33.71,10.98,919.53
"2009-05-07",3.3,22.63,13.27,31.92,11.46,907.39
"2009-05-08",3.45,25.76,13.91,35.27,11.36,929.23
"2009-05-11",3.55,24.25,12.71,32.45,11.26,909.24
"2009-05-12",3.36,23.49,12.04,32.03,11,908.35
"2009-05-13",3,22.12,10.81,30.84,10.68,883.92
"2009-05-14",3.46,23.48,11.11,32.19,10.81,893.07
"2009-05-15",3.28,22.73,10.48,31.62,10.81,882.88
"2009-05-18",3.49,24.62,11.52,33.75,11.56,909.71
"2009-05-19",3.31,23.26,11.05,32.44,11.91,908.13
"2009-05-20",3.41,22.36,11.28,31.3,11.79,903.47
"2009-05-21",3.37,22.89,11.2,31.61,11.72,888.33
"2009-05-22",3.2,22.22,10.87,31.17,12.07,887
"2009-05-26",3.4,23.45,10.78,33.1,11.75,910.33
"2009-05-27",3.21,22.01,10.71,31.39,11.69,893.06
"2009-05-28",3.26,22.64,11.1,33.2,11.72,906.83
"2009-05-29",3,23.31,11.07,33.42,11.62,919.14
"2009-06-01",3.06,23.25,11.01,32.71,11.44,942.87
"2009-06-02",3.09,22.3,11.2,31.25,10.7,944.74
"2009-06-03",3.05,22.06,11.02,30.78,10.62,931.76
"2009-06-04",3.13,22.94,11.67,32.02,10.61,942.46
"2009-06-05",3.1,22.6,11.66,31.3,10.25,940.09
"2009-06-08",3.1,23.21,11.85,32.06,9.82,939.14
"2009-06-09",3.11,23.46,11.85,31.94,9.78,942.43
"2009-06-10",3.11,22.77,11.77,31.56,9.56,939.15
"2009-06-11",3.08,22.87,12.75,31.65,9.67,944.89
"2009-06-12",3.03,23.29,13.48,31.82,9.7,946.21
"2009-06-15",3.06,22.59,13.1,30.8,9.58,923.72
"2009-06-16",3,22.3,12.51,30.34,9.35,911.97
"2009-06-17",2.9,21.11,12.09,29.65,9.16,910.71
"2009-06-18",2.81,21.66,12.68,30.95,9.3,918.37
"2009-06-19",2.74,22.11,12.99,31.7,9.43,921.23
"2009-06-22",2.5,20.58,11.73,29.77,9.39,893.04
"2009-06-23",2.51,20.94,12.02,30.41,9.45,895.1
"2009-06-24",2.59,21.18,12.14,30.31,9.45,900.94
"2009-06-25",2.72,21.76,12.14,30.92,9.75,920.26
"2009-06-26",2.32,21.82,12.53,31.2,9.96,918.9
"2009-06-29",2.33,22.42,12.96,31.34,9.86,927.23
"2009-06-30",2.36,22.18,12.97,30.9,9.94,919.32
"2009-07-01",2.18,22.07,12.82,30.63,9.88,923.33
"2009-07-02",2.03,21.1,12.42,29.27,9.74,896.42
"2009-07-06",2.09,21.12,11.94,29.57,9.86,898.72
"2009-07-07",2.05,21.33,11.94,29.76,9.9,881.03
"2009-07-08",2,20.94,11.64,29.67,10.06,879.56
"2009-07-09",2.11,21.28,11.76,30.5,10.16,882.68
"2009-07-10",2.19,20.91,11.67,29.34,10.31,879.13
"2009-07-13",2.19,22.67,12.77,31.49,10.81,901.05
"2009-07-14",2.25,22.3,12.69,31.48,10.59,905.84
"2009-07-15",2.38,23.13,13.19,32.89,11.08,932.68
"2009-07-16",2.27,22.9,12.94,32.77,11.11,940.74
"2009-07-17",2.21,22.85,12.67,33.46,11.26,940.38
"2009-07-20",2.19,23.33,12.03,33.55,11.35,951.13
"2009-07-21",2.14,23.17,11.98,33.51,10.83,954.58
"2009-07-22",2.1,22.35,12.02,33.41,10.79,954.07
"2009-07-23",2.09,22.18,12.47,34.61,11.18,976.29
"2009-07-24",2.12,21.45,12.29,34.4,11.25,979.26
"2009-07-27",2.14,22.14,12.86,34.59,11.44,982.18
"2009-07-28",2.12,22.41,13.11,34.54,11.77,979.62
"2009-07-29",2.11,22.29,13.29,34.26,11.65,975.15
"2009-07-30",2.08,22.73,13.73,34.9,11.63,986.75
"2009-07-31",2.32,22.36,14.53,35.06,11.68,987.48
"2009-08-03",2.35,23.58,15.06,35.92,11.96,1002.63
"2009-08-04",2.27,24.27,15.37,36.48,11.95,1005.65
"2009-08-05",2.38,25.66,16.37,37.9,11.81,1002.72
"2009-08-06",2.5,25.62,16.41,36.97,12.09,997.08
"2009-08-07",2.78,26.34,16.14,38.43,12.36,1010.48
"2009-08-10",3.4,26.23,16.39,38.73,12.31,1007.1
"2009-08-11",3.25,24.63,15.58,37.41,11.68,994.35
"2009-08-12",3.23,24.88,15.66,38.29,11.73,1005.81
"2009-08-13",3.29,25.53,16.71,38.92,11.71,1012.73
"2009-08-14",3.34,25.4,17.09,38.51,11.44,1004.09
"2009-08-17",3.04,24.09,16.27,36.95,11.07,979.73
"2009-08-18",3.2,24.12,16.61,37.83,10.86,989.67
"2009-08-19",3.31,24.37,16.46,37.56,11.12,996.46
"2009-08-20",3.2,25.17,16.84,38.48,11.42,1007.37
"2009-08-21",3.3,25.59,17.16,39.61,11.83,1026.13
"2009-08-24",3.21,25.02,17.05,39.02,11.42,1025.57
"2009-08-25",3.09,25.03,17.44,39.53,11.32,1028
"2009-08-26",3.11,25.3,17.48,39.28,11.4,1028.12
"2009-08-27",3.11,25.41,17.61,39.41,11.21,1030.98
"2009-08-28",2.94,25,17.67,38.93,11.19,1028.93
"2009-08-31",3.08,25.2,17.29,39.42,11.52,1020.62
"2009-09-01",2.95,24,16.18,37.8,11.3,998.04
"2009-09-02",3.04,23.89,16,37.07,11.21,994.75
"2009-09-03",2.96,24.65,16.56,38.2,11.25,1003.24
"2009-09-04",2.95,24.65,16.81,38.41,11.47,1016.4
"2009-09-08",2.92,24.71,16.74,38.59,11.37,1025.39
"2009-09-09",2.79,25.35,16.76,38.88,11.56,1033.37
"2009-09-10",2.8,25.52,16.93,39.02,11.58,1044.14
"2009-09-11",2.71,25.12,16.69,38.55,11.55,1042.73
"2009-09-14",2.73,25.57,16.71,39.69,11.41,1049.34
"2009-09-15",2.71,26.18,16.51,39.18,11.66,1052.63
"2009-09-16",2.66,26.94,16.96,40.5,12.01,1068.76
"2009-09-17",2.34,26.36,17.32,40.78,11.85,1065.49
"2009-09-18",2.4,26.09,17.34,40.78,11.91,1068.3
"2009-09-21",2.42,25.91,16.96,40.41,11.64,1064.66
"2009-09-22",2.61,26.92,17.32,42.15,11.71,1071.66
"2009-09-23",2.69,26.34,17.21,40.88,11.7,1060.87
"2009-09-24",2.62,26.06,16.7,40.25,11.61,1050.78
"2009-09-25",2.52,25.82,16.32,39.6,11.71,1044.38
"2009-09-28",2.6,26.47,16.93,40.65,12.11,1062.98
"2009-09-29",2.64,25.96,16.87,40.71,12.11,1060.61
"2009-09-30",2.59,25.81,16.64,39.75,12.26,1057.08
"2009-10-01",2.55,24.36,15.94,37.53,11.83,1029.85
"2009-10-02",2.54,24.07,16.07,38.02,11.66,1025.21
"2009-10-05",2.48,25.73,16.68,39.78,11.75,1040.46
"2009-10-06",2.5,26.25,16.72,40.79,11.84,1054.72
"2009-10-07",2.48,26.8,17.06,41.51,11.93,1057.58
"2009-10-08",2.46,26.61,17.04,41.14,11.84,1065.48
"2009-10-09",2.54,26.75,17.21,41.64,12.21,1071.49
"2009-10-12",2.48,27.73,17.73,41.85,12.45,1076.19
"2009-10-13",2.51,27.53,17.51,41.47,12.49,1073.19
"2009-10-14",2.53,28.7,18.28,42.83,12.18,1092.02
"2009-10-15",2.54,28.74,17.8,42.83,11.5,1096.56
"2009-10-16",2.53,27.49,16.97,41.83,11.28,1087.68
"2009-10-19",2.55,27.54,16.87,41.76,11.35,1097.91
"2009-10-20",2.46,27.9,16.73,41.81,11.25,1091.06
"2009-10-21",2.4,26.47,16.23,40.55,11.06,1081.4
"2009-10-22",2.48,27.63,16.24,41.51,11.2,1092.91
"2009-10-23",2.54,26.85,15.95,41.08,10.97,1079.6
"2009-10-26",2.6,26.06,15.14,39.8,11.08,1066.95
"2009-10-27",2.66,26,15.19,39.87,10.81,1063.41
"2009-10-28",2.5,25.15,14.76,38.76,10.63,1042.63
"2009-10-29",2.42,26.17,15.47,40.28,10.57,1066.11
"2009-10-30",2.32,25.2,14.34,37.94,10.57,1036.19
"2009-11-02",2.33,25.29,14.39,38.67,10.48,1042.88
"2009-11-03",2.28,25.41,14.55,38.78,10.61,1045.41
"2009-11-04",2.26,24.61,14.46,38.34,10.39,1046.5
"2009-11-05",2.11,25.04,14.88,39.84,11.68,1066.63
"2009-11-06",2.01,24.88,14.8,39.49,11.81,1069.3
"2009-11-09",1.93,26.06,15.51,40.28,11.82,1093.08
"2009-11-10",1.74,25.78,15.76,40.12,11.76,1093.01
"2009-11-11",1.63,26.42,16.16,40.25,11.99,1098.51
"2009-11-12",1.64,25.89,15.79,39.33,11.76,1087.24
"2009-11-13",1.84,25.4,15.71,38.96,11.6,1093.48
"2009-11-16",1.98,25.88,15.61,39.09,12.2,1109.3
"2009-11-17",1.9,26.03,15.51,39.2,12.32,1110.32
"2009-11-18",1.78,26.48,16.08,39.4,12.77,1109.8
"2009-11-19",1.94,25.98,15.81,38.64,12.28,1094.9
"2009-11-20",1.82,25.57,15.82,38.56,12.33,1091.38
"2009-11-23",1.82,25.75,16.02,39.31,12.52,1106.24
"2009-11-24",1.77,25.56,15.83,38.58,12.52,1105.65
"2009-11-25",1.74,25.53,15.68,38.29,12.44,1110.63
"2009-11-27",1.83,24.9,15.21,37.54,12.22,1091.49
"2009-11-30",1.83,25.73,15.59,38.59,12.35,1095.63
"2009-12-01",1.75,25.68,15.64,38.35,12.07,1108.86
"2009-12-02",1.76,25.19,15.4,38.08,12.27,1109.24
"2009-12-03",1.72,24.3,15.51,37.6,11.92,1099.92
"2009-12-04",1.76,24.74,16.02,37.91,12.18,1105.98
"2009-12-07",1.77,24.19,15.64,37.46,12.25,1103.25
"2009-12-08",1.71,23.88,15.16,37.43,12.36,1091.94
"2009-12-09",1.77,23.82,15.14,37.41,12.33,1095.95
"2009-12-10",1.7,23.23,14.97,37.48,12.32,1102.35
"2009-12-11",1.72,23.31,15.38,37.2,12.43,1106.41
"2009-12-14",1.7,23.39,15.38,37.94,12.79,1114.11
"2009-12-15",1.68,23.54,14.95,37.11,12.64,1107.93
"2009-12-16",1.71,23.71,15.03,37.56,12.6,1109.18
"2009-12-17",1.72,23.92,14.62,36.57,12.62,1096.08
"2009-12-18",1.72,24.57,14.79,37.19,13.01,1102.47
"2009-12-21",1.77,25.08,15.03,38.05,13.05,1114.05
"2009-12-22",1.79,24.92,15.08,38.09,13.28,1118.02
"2009-12-23",1.72,24.64,14.95,37.75,13.68,1120.59
"2009-12-24",1.65,24.86,15.01,38.05,13.76,1126.48
"2009-12-28",1.7,24.54,15.04,37.89,13.83,1127.78
"2009-12-29",1.72,24.48,14.88,37.68,13.83,1126.2
"2009-12-30",1.73,24.61,14.83,37.72,13.46,1126.42
"2009-12-31",1.74,24.76,14.82,37.85,13.6,1115.1
"2010-01-04",1.83,25.07,15.44,38.96,13.74,1132.99
"2010-01-05",1.83,25.75,15.94,39.72,13.58,1136.52
"2010-01-06",1.9,25.79,16.13,39.94,13.31,1137.14
"2010-01-07",2.07,26.73,16.66,40.73,13.77,1141.69
"2010-01-08",2.19,26.48,16.51,40.63,13.89,1144.98
"2010-01-11",2.33,26.42,16.66,40.49,13.78,1146.98
"2010-01-12",2.34,25.76,16.1,39.55,13.72,1136.22
"2010-01-13",2,26.22,16.35,40.24,13.93,1145.68
"2010-01-14",2.05,26.6,16.55,40.64,14.37,1148.46
"2010-01-15",2,25.76,16,39.72,13.82,1136.03
"2010-01-19",2.1,25.95,16.06,39.36,14.09,1150.23
"2010-01-20",2.11,25.53,16.23,39.46,14.09,1138.04
"2010-01-21",2.12,25.69,15.22,36.86,14.22,1116.48
"2010-01-22",1.92,25.01,14.66,35.61,14.19,1091.76
"2010-01-25",1.86,25.38,14.74,35.65,13.83,1096.78
"2010-01-26",1.82,24.76,14.53,34.95,13.6,1092.17
"2010-01-27",1.86,25.87,14.95,35.76,13.81,1097.5
"2010-01-28",1.85,26.1,15.12,35.9,13.75,1084.53
"2010-01-29",1.91,26.08,14.94,35.41,13.83,1073.87
"2010-02-01",1.83,26.54,15.17,36.04,13.81,1089.19
"2010-02-02",1.7,26.42,15.35,36.87,13.77,1103.32
"2010-02-03",1.62,25.86,15.28,36.64,13.7,1097.28
"2010-02-04",1.5,24.87,14.51,34.87,13.58,1063.11
"2010-02-05",1.45,25.2,14.76,34.83,13.86,1066.19
"2010-02-08",1.52,24.29,14.25,34.28,13.6,1056.74
"2010-02-09",1.55,24.55,14.24,34.91,13.72,1070.52
"2010-02-10",1.5,24.98,14.43,35.34,13.7,1068.13
"2010-02-11",1.55,24.89,14.4,35.48,13.61,1078.47
"2010-02-12",1.49,24.71,14.22,35.42,13.65,1075.51
"2010-02-16",1.64,25.17,14.92,36.44,13.69,1094.87
"2010-02-17",1.72,25.12,15.41,36.41,13.54,1099.51
"2010-02-18",1.65,25.13,15.63,36.75,13.76,1106.75
"2010-02-19",1.53,25.16,15.63,36.4,13.82,1109.17
"2010-02-22",1.56,25.74,15.95,37.15,13.96,1108.01
"2010-02-23",1.52,25.08,15.68,36.26,14.15,1094.6
"2010-02-24",1.53,25.42,16.07,37.15,14.29,1105.24
"2010-02-25",1.53,25.22,16.28,36.95,14.38,1102.94
"2010-02-26",1.48,25.13,16.39,38.16,14.34,1104.49
"2010-03-01",1.45,25.14,16.44,38.04,14.92,1115.71
"2010-03-02",1.48,25.62,16.2,37.85,15.1,1118.31
"2010-03-03",1.5,25.92,16.12,37.76,15.23,1118.79
"2010-03-04",1.48,26.13,16.15,38.12,15.3,1122.97
"2010-03-05",1.49,26.79,16.44,38.93,15.58,1138.7
"2010-03-08",1.48,26.55,16.48,38.73,15.38,1138.5
"2010-03-09",1.47,26.64,16.54,38.57,15.02,1140.45
"2010-03-10",1.53,27.18,16.85,39.04,15.21,1145.61
"2010-03-11",1.49,27.35,16.86,39.26,15.38,1150.24
"2010-03-12",1.46,27.23,16.59,39.24,15.48,1149.99
"2010-03-15",1.49,27.47,16.59,39.16,15.57,1150.51
"2010-03-16",1.25,27.83,16.77,39.32,15.62,1159.46
"2010-03-17",1.03,28.08,17,39.82,16.1,1166.21
"2010-03-18",1.19,27.84,16.82,39.68,15.78,1165.83
"2010-03-19",1.29,27.92,16.56,39.51,16.08,1159.9
"2010-03-22",1.3,27.95,16.7,39.77,16.05,1165.81
"2010-03-23",1.29,28.57,16.87,40.54,16.06,1174.17
"2010-03-24",1.29,28.36,17.3,40.86,15.82,1167.72
"2010-03-25",1.22,28.55,17.47,40.86,15.76,1165.73
"2010-03-26",1.17,28.69,17.62,40.94,15.72,1166.59
"2010-03-29",1.17,28.58,17.76,40.79,16.22,1173.22
"2010-03-30",1.16,28.35,17.49,40.54,16.59,1173.27
"2010-03-31",1.13,28.6,17.57,40.69,16.42,1169.43
"2010-04-01",1.08,28.83,17.76,41.13,16.31,1178.1
"2010-04-05",1.15,28.96,17.85,41.27,16.57,1187.44
"2010-04-06",1.12,29.67,18.2,41.73,17.29,1189.44
"2010-04-07",1.17,29.4,18.33,41.26,17.33,1182.45
"2010-04-08",1.13,29.62,18.36,41.66,17.28,1186.44
"2010-04-09",1.1,29.69,18.3,41.86,17.26,1194.37
"2010-04-12",1.13,29.8,18.37,42,17.36,1196.48
"2010-04-13",1.24,29.55,18.38,41.76,17.36,1197.3
"2010-04-14",1.5,30.59,19.1,43.45,17.67,1210.65
"2010-04-15",1.93,30.8,19.18,43.52,17.69,1211.67
"2010-04-16",1.7,29.93,18.13,41.47,17.59,1192.13
"2010-04-19",1.7,30.35,18.11,41.32,17.55,1197.52
"2010-04-20",1.7,30.96,18.32,41.77,17.79,1207.17
"2010-04-21",1.7,30.34,18,41.28,17.95,1205.94
"2010-04-22",1.7,30.86,18.25,40.73,17.93,1208.67
"2010-04-23",1.7,30.77,18.15,40.91,18.1,1217.28
"2010-04-26",1.7,30.07,17.77,39.95,17.41,1212.05
"2010-04-27",1.7,29.15,17.2,38.61,17.17,1183.71
"2010-04-28",0.35,29.83,17.51,39.56,16.91,1191.36
"2010-04-29",0.21,30.54,18.02,40.05,18.51,1206.78
"2010-04-30",0.28,30.43,17.55,38.76,18.03,1186.69
"2010-05-03",0.31,31.14,17.78,39.63,18.04,1202.26
"2010-05-04",0.32,30.28,17.29,38.66,17.54,1173.6
"2010-05-05",0.3,30.06,17.26,38.81,17.41,1165.87
"2010-05-06",0.29,28.7,16.03,37.15,16.71,1128.15
"2010-05-07",0.29,28.37,15.93,37.11,16.63,1110.88
"2010-05-10",0.31,30.35,17.03,38.19,17.27,1159.73
"2010-05-11",0.28,30.29,16.89,37.82,17.29,1155.79
"2010-05-12",0.29,30.98,16.81,37.95,17.33,1171.67
"2010-05-13",0.29,30.45,16.61,37.15,17.68,1157.44
"2010-05-14",0.33,29.49,16.09,36.31,17.44,1135.68
"2010-05-17",0.36,29.43,16.1,36.27,17.43,1136.94
"2010-05-18",0.35,28.16,15.7,35.52,17.3,1120.8
"2010-05-19",0.34,27.69,16.06,35.85,17.25,1115.05
"2010-05-20",0.33,26.41,15.06,34.44,16.43,1071.59
"2010-05-21",0.35,27.72,15.74,36.46,16.62,1087.69
"2010-05-24",0.35,26.43,15.16,35.16,16.21,1073.65
"2010-05-25",0.3,26.6,15.25,35.45,16.03,1074.03
"2010-05-26",0.34,25.81,15.23,35.3,16.04,1067.95
"2010-05-27",0.28,27.07,15.93,36.8,16.65,1103.06
"2010-05-28",0.26,26.41,15.5,36.03,16.54,1089.41
"2010-06-01",0.3,25.99,15.2,35.08,16.3,1070.71
"2010-06-02",0.29,26.86,15.65,36,16.8,1098.38
"2010-06-03",0.3,26.57,15.58,35.59,16.83,1102.83
"2010-06-04",0.27,25.57,15.12,34.25,16.02,1064.88
"2010-06-07",0.3,25.12,14.61,33.43,15.77,1050.47
"2010-06-08",0.28,25.55,15.1,34.39,16.12,1062
"2010-06-09",0.29,24.88,14.79,33.79,16.17,1055.69
"2010-06-10",0.27,25.89,15.23,34.86,16.64,1086.84
"2010-06-11",0.29,25.63,15.37,34.67,16.94,1091.6
"2010-06-14",0.27,25.22,15.18,33.98,17.17,1089.63
"2010-06-15",0.27,25.69,15.57,34.82,17.23,1115.23
"2010-06-16",0.27,25.88,15.64,35.07,17.33,1114.61
"2010-06-17",0.28,25.71,15.59,34.99,17.2,1116.04
"2010-06-18",0.3,25.84,15.59,35.67,17.21,1117.51
"2010-06-21",0.3,25.72,15.56,35.38,16.95,1113.2
"2010-06-22",0.29,25.28,15.35,34.89,16.79,1095.31
"2010-06-23",0.25,25.15,15.2,35.4,16.93,1092.04
"2010-06-24",0.29,24.72,14.8,34.62,16.98,1073.69
"2010-06-25",0.26,24.9,15.19,35.9,17.2,1076.76
"2010-06-28",0.28,24.88,15.01,35.08,17.3,1074.57
"2010-06-29",0.25,23.87,14.35,33.74,16.8,1041.24
"2010-06-30",0.25,23.56,14.16,33.33,16.62,1030.71
"2010-07-01",0.25,23.18,13.81,32.89,16.32,1027.37
"2010-07-02",0.27,22.9,13.64,32.66,16.13,1022.58
"2010-07-06",0.22,23.15,13.85,33.12,16.28,1028.06
"2010-07-07",0.22,24.54,14.49,34.78,16.8,1060.27
"2010-07-08",0.27,24.52,14.64,34.79,16.82,1070.25
"2010-07-09",0.25,24.85,14.89,35.41,17.1,1077.96
"2010-07-12",0.23,24.91,14.98,35.72,17.36,1078.75
"2010-07-13",0.22,25.72,15.44,36.9,17.81,1095.34
"2010-07-14",0.23,25.46,15.44,36.78,17.86,1095.17
"2010-07-15",0.25,25.6,15.16,36.88,17.59,1096.48
"2010-07-16",0.25,24.15,13.77,35.55,16.84,1064.88
"2010-07-19",0.25,23.95,13.41,35.59,17.25,1071.25
"2010-07-20",0.21,23.85,13.57,36.13,17.37,1083.48
"2010-07-21",0.22,23.99,13.16,35.02,16.86,1069.59
"2010-07-22",0.21,25.21,13.46,35.87,17.4,1093.67
"2010-07-23",0.21,25.24,13.54,36.31,17.83,1102.66
"2010-07-26",0.21,25.69,13.94,36.76,18.13,1115.01
"2010-07-27",0.21,26.13,13.98,37.09,18.2,1113.84
"2010-07-28",0.24,25.84,13.78,36.75,17.63,1106.13
"2010-07-29",0.23,25.49,13.82,36.65,17.73,1101.53
"2010-07-30",0.23,25.53,13.83,36.72,17.62,1101.6
"2010-08-02",0.24,26.3,14.23,37.96,17.84,1125.86
"2010-08-03",0.23,25.88,14.13,37.45,17.87,1120.46
"2010-08-04",0.23,25.76,13.98,37.64,18.36,1127.24
"2010-08-05",0.25,25.71,13.81,37.62,18.33,1125.81
"2010-08-06",0.22,25.59,13.75,36.86,18.31,1121.64
"2010-08-09",0.23,26.03,13.7,36.3,18.51,1127.79
"2010-08-10",0.23,25.61,13.43,35.71,18.13,1121.06
"2010-08-11",0.23,24.25,12.99,34.43,17.33,1089.47
"2010-08-12",0.21,23.98,12.87,34.47,17.32,1083.61
"2010-08-13",0.22,23.83,13.03,34.18,17.05,1079.25
"2010-08-16",0.22,23.68,12.99,34.36,17.32,1079.38
"2010-08-17",0.24,23.37,13.01,34.17,17.49,1092.54
"2010-08-18",0.22,23.4,13.12,34.54,17.51,1094.16
"2010-08-19",0.18,22.53,12.83,33.79,16.83,1075.63
"2010-08-20",0.2,22.68,12.68,33.86,16.72,1071.69
"2010-08-23",0.19,22.34,12.68,33.62,16.5,1067.36
"2010-08-24",0.19,21.8,12.45,33.01,16.81,1051.87
"2010-08-25",0.19,21.76,12.47,33.03,17.31,1055.33
"2010-08-26",0.19,21.66,12.29,32.48,17.34,1047.22
"2010-08-27",0.18,22.13,12.45,33.36,17.53,1064.59
"2010-08-30",0.18,21.44,12.14,32.68,17.06,1048.92
"2010-08-31",0.21,21.72,12.28,33.14,17.29,1049.33
"2010-09-01",0.19,22.74,13.02,34.4,17.76,1080.29
"2010-09-02",0.15,23.15,13.09,34.79,17.85,1090.1
"2010-09-03",0.16,23.83,13.31,35.71,17.71,1104.51
"2010-09-07",0.16,22.98,13.02,34.9,17.34,1091.84
"2010-09-08",0.2,23.26,13.18,35.66,17.35,1098.87
"2010-09-09",0.15,23.69,13.31,36.55,17.39,1104.18
"2010-09-10",0.15,23.75,13.36,36.24,17.22,1109.55
"2010-09-13",0.18,24.44,13.75,37.48,17.6,1121.9
"2010-09-14",0.19,24.03,13.49,37.12,17.36,1121.1
"2010-09-15",0.18,24.29,13.52,37.36,17.32,1125.07
"2010-09-16",0.18,24.03,13.36,37.37,17.05,1124.66
"2010-09-17",0.15,23.99,13.21,36.52,16.93,1125.59
"2010-09-20",0.15,24.49,13.55,37.55,17.08,1142.71
"2010-09-21",0.16,24.33,13.46,37,16.88,1139.78
"2010-09-22",0.14,23.8,13.23,36.41,16.71,1134.28
"2010-09-23",0.14,23.09,12.99,35.64,16.68,1124.83
"2010-09-24",0.14,23.6,13.41,36.24,17.18,1148.67
"2010-09-27",0.14,23.54,13.05,35.62,17.18,1142.16
"2010-09-28",0.14,23.38,13.08,35.51,17.34,1147.7
"2010-09-29",0.14,23.09,12.93,35.01,17.42,1144.73
"2010-09-30",0.14,23.16,12.92,34.69,17.45,1141.2
"2010-10-01",0.12,23.57,13.11,35.38,17.45,1146.24
"2010-10-04",0.13,23.4,12.97,35.55,17.59,1137.03
"2010-10-05",0.13,24.21,13.37,36.18,18.19,1160.75
"2010-10-06",0.14,24.25,13.2,36.42,18.09,1159.97
"2010-10-07",0.15,23.98,13.12,36.07,17.99,1158.06
"2010-10-08",0.13,23.93,13,35.88,18.03,1165.15
"2010-10-11",0.13,23.65,12.97,36.26,17.93,1165.32
"2010-10-12",0.13,23.96,13.33,36.88,17.58,1169.77
"2010-10-13",0.12,23.8,13.1,36.36,17.95,1178.1
"2010-10-14",0.12,22.8,12.42,35.34,17.9,1173.81
"2010-10-15",0.15,21.74,11.81,33.91,17.59,1176.19
"2010-10-18",0.13,22.93,12.17,34.87,17.92,1184.71
"2010-10-19",0.12,22.64,11.63,34.4,17.83,1165.9
"2010-10-20",0.15,23.61,11.59,34.78,17.88,1178.17
"2010-10-21",0.12,24,11.2,34.41,17.85,1180.26
"2010-10-22",0.12,24.08,11.28,34.41,17.77,1183.08
"2010-10-25",0.12,23.72,11,33.84,17.93,1185.62
"2010-10-26",0.12,23.89,11.14,33.95,17.87,1185.64
"2010-10-27",0.12,23.75,11.38,34.26,17.88,1182.45
"2010-10-28",0.12,23.92,11.37,34.24,17.87,1183.78
"2010-10-29",0.12,24.03,11.29,34.35,17.96,1183.26
"2010-11-01",0.12,23.91,11.34,34.16,17.74,1184.38
"2010-11-02",0.15,23.95,11.24,33.74,18.02,1193.57
"2010-11-03",0.1,24.45,11.36,34.43,18.17,1197.96
"2010-11-04",0.13,25.37,11.96,36.33,18.71,1221.06
"2010-11-05",0.13,27,12.19,37.37,18.55,1225.85
"2010-11-08",0.13,26.83,12.42,36.98,18.49,1223.25
"2010-11-09",0.15,25.99,12.1,36.42,18.28,1213.4
"2010-11-10",0.16,26.41,12.39,37.08,18.44,1218.71
"2010-11-11",0.13,26.05,12.2,36.53,18.32,1213.54
"2010-11-12",0.16,25.44,11.95,36.15,18.13,1199.21
"2010-11-15",0.12,25.55,11.93,36.58,18.17,1197.75
"2010-11-16",0.12,25.12,11.77,36.15,17.99,1178.34
"2010-11-17",0.12,24.82,11.46,35.76,17.84,1178.59
"2010-11-18",0.15,25.42,11.54,36.2,17.98,1196.69
"2010-11-19",0.15,25.4,11.5,35.97,17.95,1199.73
"2010-11-22",0.14,24.9,11.14,35.15,18.03,1197.84
"2010-11-23",0.14,24.76,10.93,34.35,17.92,1180.73
"2010-11-24",0.15,25.05,11.12,34.83,18.05,1198.35
"2010-11-26",0.12,24.62,10.96,34.23,17.99,1189.4
"2010-11-29",0.12,25.13,11.15,34.6,17.91,1187.76
"2010-11-30",0.15,25.14,10.8,34.14,17.9,1180.55
"2010-12-01",0.13,25.44,11.14,34.82,18.33,1206.07
"2010-12-02",0.14,26.59,11.53,35.88,18.42,1221.53
"2010-12-03",0.12,26.84,11.7,36.15,18.61,1224.71
"2010-12-06",0.12,26.55,11.49,36.42,18.67,1223.12
"2010-12-07",0.14,26.3,11.42,35.83,18.8,1223.75
"2010-12-08",0.12,27.14,11.84,36.75,18.92,1228.28
"2010-12-09",0.13,27.78,12.48,37.25,19.12,1233
"2010-12-10",0.13,27.97,12.63,37.82,19.35,1240.4
"2010-12-13",0.14,27.92,12.38,37.89,19.28,1240.46
"2010-12-14",0.13,27.55,12.24,37.23,19.26,1241.59
"2010-12-15",0.12,27.52,12.13,36.7,19.22,1235.23
"2010-12-16",0.12,27.74,12.36,36.52,19.43,1242.87
"2010-12-17",0.12,27.68,12.41,36.21,20.13,1243.91
"2010-12-20",0.14,27.81,12.45,36.46,20.49,1247.08
"2010-12-21",0.14,28.48,12.81,37.42,20.87,1254.6
"2010-12-22",0.13,28.93,13.2,38.48,20.99,1258.84
"2010-12-23",0.13,28.63,12.89,38.41,20.82,1256.77
"2010-12-27",0.13,28.84,13.1,38.95,21.06,1257.54
"2010-12-28",0.13,28.83,13.17,38.89,21,1258.51
"2010-12-29",0.12,28.66,13.14,38.66,20.97,1259.78
"2010-12-30",0.12,28.48,13.11,38.55,20.88,1257.88
"2010-12-31",0.12,28.63,13.17,38.72,20.48,1257.64
"2011-01-03",0.12,29.18,14,39.78,21.01,1271.87
"2011-01-04",0.13,29.24,14.05,40.35,20.67,1270.2
"2011-01-05",0.14,29.91,14.31,40.85,20.75,1276.56
"2011-01-06",0.15,29.7,14.25,40.65,20.78,1273.85
"2011-01-07",0.15,29.1,14.06,39.88,20.34,1271.5
"2011-01-10",0.15,28.83,14.21,39.66,20.32,1269.75
"2011-01-11",0.15,29.01,14.5,39.84,20.32,1274.48
"2011-01-12",0.14,29.57,14.79,40.86,20.14,1285.96
"2011-01-13",0.14,29.46,14.58,40.62,20.01,1283.76
"2011-01-14",0.17,30.26,15.05,41.04,20.45,1293.24
"2011-01-18",0.15,30.02,14.8,40.89,20.42,1295.02
"2011-01-19",0.15,29.39,14.18,39.94,20.06,1281.92
"2011-01-20",0.14,29.46,14.35,40.89,19.88,1280.26
"2011-01-21",0.18,30.04,14.06,41.39,20.07,1283.35
"2011-01-24",0.17,30.21,13.74,41.14,20.05,1290.84
"2011-01-25",0.16,30.21,13.45,41,20.92,1291.18
"2011-01-26",0.15,29.98,13.37,41.1,20.82,1296.63
"2011-01-27",0.19,30.03,13.49,41.21,20.76,1299.54
"2011-01-28",0.2,29.42,13.42,40.7,20.36,1276.34
"2011-01-31",0.22,29.95,13.55,41.07,20.46,1286.12
"2011-02-01",0.24,30.9,14.12,41.97,20.87,1307.59
"2011-02-02",0.29,30.28,14.05,41.53,20.77,1304.03
"2011-02-03",0.3,30.3,14.24,41.54,20.82,1307.1
"2011-02-04",0.32,30.31,14.1,40.75,20.72,1310.87
"2011-02-07",0.44,30.83,14.48,41.58,20.81,1319.05
"2011-02-08",0.62,31.55,14.42,41.8,20.64,1324.57
"2011-02-09",0.86,30.66,14.45,41.22,20.4,1320.88
"2011-02-10",0.6,30.54,14.3,41.61,20.23,1321.87
"2011-02-11",0.45,31.24,14.58,42.56,20.71,1329.15
"2011-02-14",0.54,31.34,14.69,42.53,20.61,1332.32
"2011-02-15",0.46,31.16,14.58,42.78,20.36,1328.01
"2011-02-16",0.5,30.81,14.65,43.81,20.33,1336.32
"2011-02-17",0.55,30.49,14.62,43.7,20.17,1340.43
"2011-02-18",0.5,30.2,14.56,43.86,20.41,1343.01
"2011-02-22",0.5,29.04,13.99,42.04,20.05,1315.44
"2011-02-23",0.48,29.15,13.98,42,20.07,1307.4
"2011-02-24",0.47,29.09,13.79,41.95,19.97,1306.1
"2011-02-25",0.52,29.98,14.01,42.66,20.39,1319.88
"2011-02-28",0.5,29.85,14.1,42.67,20.42,1327.22
"2011-03-01",0.49,29.29,13.75,41.67,20.28,1306.33
"2011-03-02",0.45,29.19,13.66,41.31,20.33,1308.44
"2011-03-03",0.43,29.99,14.09,42.11,20.76,1330.97
"2011-03-04",0.42,29.53,13.94,41.6,20.74,1321.15
"2011-03-07",0.5,29.35,13.86,41.29,20.51,1310.13
"2011-03-08",0.45,30.08,14.51,42.4,21,1321.82
"2011-03-09",0.5,30.35,14.41,42.55,20.99,1320.02
"2011-03-10",0.49,29.67,14.08,41.61,20.72,1295.11
"2011-03-11",0.45,29.96,14.2,41.8,20.55,1304.28
"2011-03-14",0.49,29.7,14.05,41.4,20.52,1296.39
"2011-03-15",0.4,29.86,13.79,40.76,20.3,1281.87
"2011-03-16",0.41,28.9,13.52,40.03,20.14,1256.88
"2011-03-17",0.42,29.02,13.81,40.72,20.16,1273.72
"2011-03-18",0.49,29.45,13.87,41.8,20.44,1279.21
"2011-03-21",0.42,29.5,13.88,41.7,20.61,1298.38
"2011-03-22",0.4,29.16,13.71,41.55,20.73,1293.77
"2011-03-23",0.4,29.1,13.48,41.67,20.57,1297.54
"2011-03-24",0.4,29.25,13.31,41.79,20.45,1309.66
"2011-03-25",0.4,29.62,13.17,41.91,20.58,1313.8
"2011-03-28",0.38,29.31,13.2,42,20.49,1310.19
"2011-03-29",0.4,29.3,13.18,42.05,20.52,1319.44
"2011-03-30",0.31,29.59,13.28,42.45,20.6,1328.26
"2011-03-31",0.31,29.41,13.16,42.13,20.73,1325.83
"2011-04-01",0.41,29.73,13.2,42.35,20.91,1332.41
"2011-04-04",0.31,29.49,13.27,42.58,21.23,1332.87
"2011-04-05",0.4,29.67,13.3,42.8,21.22,1332.63
"2011-04-06",0.32,30.05,13.55,43.77,21.43,1335.54
"2011-04-07",0.32,29.83,13.44,43.55,21.29,1333.51
"2011-04-08",0.31,29.32,13.31,43.03,21.2,1328.17
"2011-04-11",0.31,29.12,13.32,43.05,21.2,1324.46
"2011-04-12",0.35,29.12,13.3,42.85,21.24,1314.16
"2011-04-13",0.31,28.45,13.11,42.49,21.03,1314.41
"2011-04-14",0.32,27.96,12.97,41.32,21.68,1314.52
"2011-04-15",0.32,27.72,12.66,41.24,21.88,1319.68
"2011-04-18",0.31,27.38,12.27,40.39,21.55,1305.14
"2011-04-19",0.31,27.89,12.19,41.02,21.33,1312.62
"2011-04-20",0.34,26.74,12.12,40.94,21.41,1330.36
"2011-04-21",0.34,26.47,12.16,41.05,21.16,1337.38
"2011-04-25",0.29,26.49,12.29,40.99,21.1,1335.25
"2011-04-26",0.3,26.77,12.08,41.45,21.34,1347.24
"2011-04-27",0.3,27.14,12.18,41.8,21.28,1355.66
"2011-04-28",0.3,27.14,12.27,42.12,21.24,1360.48
"2011-04-29",0.29,27,12.13,41.92,21.21,1363.61
"2011-05-02",0.28,27.01,12.19,41.51,22,1361.22
"2011-05-03",0.25,27.37,12.44,42.19,22.64,1356.62
"2011-05-04",0.25,26.8,12.34,41.8,22.49,1347.32
"2011-05-05",0.25,26.19,12.15,41.5,22.38,1335.1
"2011-05-06",0.22,26.31,12.16,41.38,22.63,1340.2
"2011-05-09",0.19,26.27,12.03,41.31,22.66,1346.29
"2011-05-10",0.19,26.57,12.13,41.49,23.08,1357.16
"2011-05-11",0.19,26.22,12.1,40.64,23.04,1342.08
"2011-05-12",0.19,26.29,12.05,40.51,23.07,1348.65
"2011-05-13",0.15,26.01,11.78,39.64,22.93,1337.77
"2011-05-16",0.15,25.94,11.71,39.4,22.68,1329.47
"2011-05-17",0.2,26.77,11.75,40.25,22.84,1328.98
"2011-05-18",0.2,26.93,11.64,40.5,22.7,1340.68
"2011-05-19",0.16,26.64,11.54,40.43,22.65,1343.6
"2011-05-20",0.17,26.07,11.44,39.63,22.59,1333.27
"2011-05-23",0.24,25.63,11.28,39.09,22.45,1317.37
"2011-05-24",0.24,25.73,11.32,38.9,22.4,1316.28
"2011-05-25",0.21,25.66,11.24,38.84,22.57,1320.47
"2011-05-26",0.21,25.79,11.32,39,22.63,1325.69
"2011-05-27",0.2,26.2,11.54,39.31,22.84,1331.1
"2011-05-31",0.23,26.42,11.6,39.73,23.15,1345.2
"2011-06-01",0.2,25.09,11.11,38.37,22.75,1314.55
"2011-06-02",0.2,25.29,11.16,38.23,22.88,1312.94
"2011-06-03",0.2,25.01,11.15,38.19,22.66,1300.16
"2011-06-06",0.2,24.45,10.7,37.24,22.7,1286.17
"2011-06-07",0.2,24,10.53,37.41,22.66,1284.94
"2011-06-08",0.29,23.61,10.42,37.11,22.57,1279.56
"2011-06-09",0.3,24.41,10.53,37.65,22.54,1289
"2011-06-10",0.2,24.47,10.68,37.71,22.91,1270.98
"2011-06-13",0.21,25.05,10.84,38.28,23.09,1271.83
"2011-06-14",0.21,25.16,10.68,38.23,23.3,1287.87
"2011-06-15",0.2,24.72,10.38,37.37,23.15,1265.42
"2011-06-16",0.2,24.96,10.48,37.08,23.2,1267.64
"2011-06-17",0.2,25.45,10.56,37.49,23.46,1271.5
"2011-06-20",0.2,25.09,10.48,37.19,23.45,1278.36
"2011-06-21",0.18,25.57,10.7,37.59,23.98,1295.52
"2011-06-22",0.18,25.49,10.67,37.38,23.93,1287.14
"2011-06-23",0.18,25.18,10.59,36.81,24.03,1283.5
"2011-06-24",0.25,25.38,10.4,36.28,23.9,1268.45
"2011-06-27",0.3,25.56,10.72,36.64,24.39,1280.1
"2011-06-28",0.2,25.6,10.69,36.33,24.6,1296.67
"2011-06-29",0.26,26.14,11.01,37.16,24.58,1307.41
"2011-06-30",0.26,26.13,10.83,37.61,24.8,1320.64
"2011-07-01",0.26,26.7,10.96,38.44,25.15,1339.67
"2011-07-05",0.26,26.46,10.87,37.93,25.35,1337.88
"2011-07-06",0.28,26.18,10.62,37.49,25.6,1339.22
"2011-07-07",0.22,26.69,10.79,38.2,25.58,1353.22
"2011-07-08",0.18,26.35,10.58,37.66,25.35,1343.8
"2011-07-11",0.28,25.69,10.23,36.45,24.58,1319.49
"2011-07-12",0.19,25.5,10.09,36.41,24.85,1313.64
"2011-07-13",0.19,25.63,10.08,36.62,25.43,1317.72
"2011-07-14",0.19,25.4,9.95,37.3,25.02,1308.87
"2011-07-15",0.29,25.31,9.88,36.96,25.06,1316.14
"2011-07-18",0.23,25.03,9.61,36.82,24.86,1305.44
"2011-07-19",0.27,26.45,9.46,37.34,25.24,1326.73
"2011-07-20",0.19,26.72,9.74,37.86,25.57,1325.84
"2011-07-21",0.19,27.36,10.11,39.09,25.76,1343.8
"2011-07-22",0.2,27.13,10.01,39,25.61,1345.02
"2011-07-25",0.2,26.96,9.89,38.54,25.65,1337.43
"2011-07-26",0.21,26.98,9.88,38.31,25.17,1331.94
"2011-07-27",0.25,26.61,9.57,37.6,24.6,1304.89
"2011-07-28",0.25,26.35,9.68,37.6,24.49,1300.67
"2011-07-29",0.2,26.02,9.6,37.39,24.83,1292.28
"2011-08-01",0.19,26.01,9.7,37.38,25.2,1286.94
"2011-08-02",0.19,25.31,9.38,36.83,24.68,1254.05
"2011-08-03",0.24,25.53,9.43,36.88,25.37,1260.34
"2011-08-04",0.2,24.07,8.73,35.05,24.28,1200.07
"2011-08-05",0.25,23.58,8.08,34.76,24.36,1199.38
"2011-08-08",0.19,21.45,6.43,31.49,22.88,1119.46
"2011-08-09",0.19,23.18,7.51,33.65,23.56,1172.53
"2011-08-10",0.2,21.4,6.69,31.77,21.55,1120.76
"2011-08-11",0.21,22.72,7.17,33.92,21.99,1172.64
"2011-08-12",0.21,22.57,7.11,33.2,21.66,1178.81
"2011-08-15",0.28,23.4,7.67,34.09,22.25,1204.49
"2011-08-16",0.21,22.96,7.31,33.31,21.42,1192.76
"2011-08-17",0.27,23.27,7.37,33.81,21.75,1193.89
"2011-08-18",0.27,22.19,6.93,32.53,20.67,1140.65
"2011-08-19",0.21,21.85,6.89,31.75,20.17,1123.53
"2011-08-22",0.21,21.41,6.35,30.88,20.48,1123.82
"2011-08-23",0.21,22.39,6.23,32.15,21.08,1162.35
"2011-08-24",0.23,22.85,6.91,33.12,21.23,1177.6
"2011-08-25",0.23,23.16,7.56,33.02,20.55,1159.27
"2011-08-26",0.23,23,7.67,33.47,20.58,1176.8
"2011-08-29",0.21,23.78,8.29,34.79,21.14,1210.08
"2011-08-30",0.21,23.76,8.03,34.26,21.29,1212.92
"2011-08-31",0.23,24.41,8.09,34.72,21.72,1218.89
"2011-09-01",0.24,23.6,7.83,33.56,21.62,1204.42
"2011-09-02",0.25,22.63,7.17,32.01,20.58,1173.97
"2011-09-06",0.26,22.37,6.92,30.91,20.56,1165.24
"2011-09-07",0.27,23.34,7.4,32.19,21.28,1198.62
"2011-09-08",0.25,22.82,7.13,30.98,20.74,1185.9
"2011-09-09",0.25,22,6.91,29.65,20.19,1154.23
"2011-09-12",0.25,22.54,6.98,29.97,19.99,1162.27
"2011-09-13",0.25,22.78,6.93,30.03,20.13,1172.87
"2011-09-14",0.25,23.09,6.98,30.32,20.94,1188.68
"2011-09-15",0.27,23.56,7.25,31.25,21.21,1209.11
"2011-09-16",0.26,23.34,7.16,30.9,20.78,1216.01
"2011-09-19",0.25,22.76,6.92,30.03,20.28,1204.09
"2011-09-20",0.25,23.07,6.83,29.81,20.21,1202.09
"2011-09-21",0.24,22.18,6.31,28.05,19.35,1166.76
"2011-09-22",0.24,21.67,6,27.06,19.02,1129.56
"2011-09-23",0.24,22.16,6.24,27.35,19.35,1136.43
"2011-09-26",0.21,23.19,6.53,29.26,20.37,1162.95
"2011-09-27",0.23,23.34,6.41,29.18,20.78,1175.38
"2011-09-28",0.2,22.87,6.1,28.17,20.17,1151.06
"2011-09-29",0.2,23.37,6.28,29.02,20.25,1160.4
"2011-09-30",0.2,22.56,6.06,27.84,20.01,1131.42
"2011-10-03",0.2,21.68,5.47,26.48,19.73,1099.23
"2011-10-04",0.2,22.64,5.7,28.22,21.38,1123.95
"2011-10-05",0.2,22.91,5.71,28.76,20.84,1144.03
"2011-10-06",0.2,23.73,6.22,30.2,21.09,1164.97
"2011-10-07",0.27,22.95,5.84,28.63,20.44,1155.46
"2011-10-10",0.2,24.44,6.22,30.12,21.44,1194.89
"2011-10-11",0.2,24.36,6.3,30.12,21.78,1195.54
"2011-10-12",0.2,25.21,6.51,30.96,22.54,1207.25
"2011-10-13",0.2,24.43,6.16,29.47,23.19,1203.66
"2011-10-14",0.2,24.94,6.13,29.74,22.7,1224.58
"2011-10-17",0.2,22.84,5.97,28.95,22.47,1200.86
"2011-10-18",0.2,24.19,6.57,30.65,22.95,1225.38
"2011-10-19",0.2,23.55,6.33,30.07,22.98,1209.88
"2011-10-20",0.2,24.09,6.4,30.89,23,1215.39
"2011-10-21",0.2,24.61,6.39,31.17,23.33,1238.25
"2011-10-24",0.26,24.8,6.65,32.24,23.62,1254.19
"2011-10-25",0.2,23.9,6.39,31.23,22.91,1229.05
"2011-10-26",0.2,24.09,6.52,31.87,23.51,1242
"2011-10-27",0.29,25.32,7.15,34.52,24.25,1284.59
"2011-10-28",0.21,25.33,7.27,34.21,24.3,1285.09
"2011-10-31",0.22,24.23,6.76,32.41,23.88,1253.3
"2011-11-01",0.22,23.17,6.33,30.5,23.21,1218.28
"2011-11-02",0.22,23.81,6.65,31.37,23.99,1237.9
"2011-11-03",0.22,24.26,6.84,32.06,24.72,1261.15
"2011-11-04",0.22,23.87,6.42,31.68,24.07,1253.23
"2011-11-07",0.22,23.89,6.38,31.93,25.19,1261.12
"2011-11-08",0.23,24.93,6.46,32.66,25.39,1275.92
"2011-11-09",0.22,23.49,6.1,30.34,24.55,1229.1
"2011-11-10",0.27,23.57,5.97,30.53,24.9,1239.7
"2011-11-11",0.23,24.11,6.15,31.03,25.31,1263.85
"2011-11-14",0.22,23.59,5.99,30.35,25.31,1251.78
"2011-11-15",0.22,23.77,6.07,30.49,25.79,1257.81
"2011-11-16",0.23,23.44,5.84,29.35,25.49,1236.91
"2011-11-17",0.23,23.19,5.74,28.43,25.52,1216.13
"2011-11-18",0.23,23.2,5.72,28.55,25.6,1215.65
"2011-11-21",0.21,22.73,5.43,27.89,25.45,1192.98
"2011-11-22",0.22,22.49,5.31,27.43,25.45,1188.04
"2011-11-23",0.2,21.81,5.09,26.47,25.36,1161.79
"2011-11-25",0.2,22.1,5.12,26.56,25.21,1158.67
"2011-11-28",0.21,22.7,5.2,27.19,25.73,1192.55
"2011-11-29",0.26,22.63,5.03,26.63,25.68,1195.19
"2011-11-30",0.25,24.3,5.39,28.88,27.22,1246.96
"2011-12-01",0.27,24.1,5.48,28.41,26.47,1244.58
"2011-12-02",0.24,24.5,5.59,30.15,26.3,1244.28
"2011-12-05",0.27,25.13,5.74,31.25,26.8,1257.08
"2011-12-06",0.11,25.05,5.73,30.99,26.48,1258.47
"2011-12-07",0.27,25.42,5.84,31.71,26.76,1261.01
"2011-12-08",0.2,24.61,5.54,30.05,26,1234.35
"2011-12-09",0.2,25.29,5.67,30.94,26.73,1255.19
"2011-12-12",0.26,24.71,5.4,29.88,26.6,1236.47
"2011-12-13",0.21,24.24,5.28,29.18,26.68,1225.73
"2011-12-14",0.21,24.3,5.19,29.38,26.58,1211.82
"2011-12-15",0.2,24.07,5.22,29.62,26.95,1215.75
"2011-12-16",0.2,24.42,5.16,29.74,27.65,1219.66
"2011-12-19",0.2,23.79,4.95,28.63,27.28,1205.35
"2011-12-20",0.2,24.91,5.13,30.04,28.44,1241.3
"2011-12-21",0.2,25.27,5.19,30.14,28.38,1243.72
"2011-12-22",0.15,25.61,5.42,31.19,28.76,1254
"2011-12-23",0.19,26.12,5.55,31.31,28.9,1265.33
"2011-12-27",0.17,25.95,5.43,30.8,29.58,1265.43
"2011-12-28",0.16,25.48,5.25,30.45,29.31,1249.64
"2011-12-29",0.16,26.09,5.41,31.17,29.46,1263.02
"2011-12-30",0.16,25.9,5.51,31.01,28.45,1257.6
"2012-01-03",0.24,26.72,5.75,32.62,28.81,1277.06
"2012-01-04",0.18,26.84,5.76,32.83,28.85,1277.3
"2012-01-05",0.18,27.27,6.26,33.51,29.14,1281.06
"2012-01-06",0.18,27.2,6.13,33.21,29.17,1277.81
"2012-01-09",0.18,27.54,6.22,33.16,29.48,1280.7
"2012-01-10",0.21,27.64,6.57,33.86,29.53,1292.08
"2012-01-11",0.21,27.84,6.81,34.43,29.53,1292.48
"2012-01-12",0.25,27.83,6.73,34.61,30.11,1295.5
"2012-01-13",0.21,27.83,6.55,33.74,29.67,1289.09
"2012-01-17",0.21,28.04,6.43,32.79,29.08,1293.67
"2012-01-18",0.19,28.42,6.74,34.32,28.91,1308.04
"2012-01-19",0.19,28.34,6.9,34.69,28.9,1314.5
"2012-01-20",0.19,28.7,7.01,35.09,28.79,1315.38
"2012-01-23",0.19,29.06,7.19,35.37,28.37,1316
"2012-01-24",0.19,28.7,7.23,35.37,28.42,1314.65
"2012-01-25",0.22,28.38,7.29,35.32,28.29,1326.06
"2012-01-26",0.19,27.3,7.24,35.21,27.43,1318.43
"2012-01-27",0.19,27.82,7.23,34.95,27.12,1316.33
"2012-01-30",0.19,27.49,7.01,34.76,26.72,1313.01
"2012-01-31",0.19,27.45,7.07,35.03,26.97,1312.41
"2012-02-01",0.19,28.21,7.3,35.32,27.43,1324.09
"2012-02-02",0.18,28.22,7.39,35.27,27.47,1325.54
"2012-02-03",0.18,28.91,7.77,35.95,28.11,1344.9
"2012-02-06",0.18,28.5,7.9,35.82,28.17,1344.33
"2012-02-07",0.18,28.56,7.78,35.57,27.97,1347.05
"2012-02-08",0.18,28.91,8.06,35.97,28,1349.96
"2012-02-09",0.15,28.86,8.11,35.56,27.91,1351.95
"2012-02-10",0.15,28.56,8,35.33,27.83,1342.64
"2012-02-13",0.15,28.9,8.18,35.97,28.33,1351.77
"2012-02-14",0.2,28.71,7.91,35.62,28.07,1350.5
"2012-02-15",0.18,28.47,7.71,35.13,27.75,1343.23
"2012-02-16",0.18,28.66,8.02,35.69,28.54,1358.04
"2012-02-17",0.18,29.34,7.95,36.13,28.67,1361.23
"2012-02-21",0.16,29.22,8.04,36.12,28.53,1362.21
"2012-02-22",0.16,28.87,7.88,35.76,27.98,1357.66
"2012-02-23",0.16,28.92,7.95,36.15,28.53,1363.46
"2012-02-24",0.16,28.48,7.81,35.95,28.31,1365.74
"2012-02-27",0.17,29.28,7.97,36.69,28.41,1367.59
"2012-02-28",0.17,29.6,8.05,36.83,28.29,1372.18
"2012-02-29",0.2,29.53,7.91,36.86,28.29,1365.68
"2012-03-01",0.19,29.76,8.06,37.92,28.63,1374.09
"2012-03-02",0.16,29.52,8.07,38.16,28.34,1369.63
"2012-03-05",0.16,29.23,7.91,37.95,28.41,1364.33
"2012-03-06",0.16,28.42,7.65,36.93,27.71,1343.36
"2012-03-07",0.16,28.7,7.96,37.52,28.06,1352.63
"2012-03-08",0.17,29.63,8,37.98,28.41,1365.91
"2012-03-09",0.16,29.88,7.99,38.54,29.43,1370.87
"2012-03-12",0.15,29.74,7.93,38.08,29.49,1371.09
"2012-03-13",0.2,31.45,8.43,40.75,30.15,1395.95
"2012-03-14",0.15,31.49,8.78,40.93,30,1394.28
"2012-03-15",0.2,32.15,9.17,41.98,29.94,1402.6
"2012-03-16",0.2,31.98,9.73,41.86,30.11,1404.17
"2012-03-19",0.15,32.32,9.46,42.27,30.7,1409.75
"2012-03-20",0.15,32.39,9.74,42.62,30.58,1405.52
"2012-03-21",0.2,32.11,9.75,42.38,30.43,1402.89
"2012-03-22",0.18,31.58,9.53,41.94,29.95,1392.78
"2012-03-23",0.15,31.74,9.78,42.42,30.06,1397.11
"2012-03-26",0.17,32.55,9.86,43.37,30.53,1416.51
"2012-03-27",0.2,32.18,9.53,43.1,30.29,1412.52
"2012-03-28",0.2,32.63,9.68,43.46,30.44,1405.54
"2012-03-29",0.2,32.12,9.46,42.9,30.04,1403.28
"2012-03-30",0.15,32.31,9.5,43.19,30.13,1408.47
"2012-04-02",0.2,32.66,9.61,43.33,30.8,1419.04
"2012-04-03",0.1,32.64,9.42,42.94,30.87,1413.38
"2012-04-04",0.18,32.07,9.13,41.99,30.45,1398.96
"2012-04-05",0.12,31.93,9.16,41.92,30.29,1398.08
"2012-04-09",0.15,31.63,8.87,41.49,29.85,1382.2
"2012-04-10",0.15,31.16,8.48,40.61,29.33,1358.59
"2012-04-11",0.15,31.82,8.8,41.61,29.83,1368.71
"2012-04-12",0.15,32.2,9.1,42.39,29.93,1387.57
"2012-04-13",0.15,31.08,8.62,40.85,29.06,1370.26
"2012-04-16",0.15,31.38,8.73,40.96,29.4,1369.57
"2012-04-17",0.17,31.88,8.86,41.5,29.75,1390.78
"2012-04-18",0.2,31.77,8.86,40.93,29.35,1385.14
"2012-04-19",0.17,31.35,8.71,40.86,29.47,1376.92
"2012-04-20",0.17,31.23,8.3,40.39,29.96,1378.53
"2012-04-23",0.17,30.94,8.12,40.51,30.08,1366.94
"2012-04-24",0.17,31.3,8.15,40.92,30.11,1371.97
"2012-04-25",0.13,31.57,8.2,40.8,30.36,1390.69
"2012-04-26",0.16,32.03,8.21,41.41,30.27,1399.98
"2012-04-27",0.16,31.96,8.19,40.97,30.41,1403.36
"2012-04-30",0.16,31.63,8.05,40.63,29.9,1397.91
"2012-05-01",0.16,32.27,8.25,41.4,29.7,1405.82
"2012-05-02",0.17,31.98,8.1,40.84,29.98,1402.31
"2012-05-03",0.17,31.81,7.94,40.66,29.96,1391.57
"2012-05-04",0.17,31.47,7.68,39.47,29.45,1369.1
"2012-05-07",0.16,31.91,7.9,39.5,29.5,1369.58
"2012-05-08",0.16,31.58,7.73,39.12,29.66,1363.72
"2012-05-09",0.16,31.08,7.67,38.42,29.31,1354.58
"2012-05-10",0.19,31.62,7.64,38.52,30.08,1357.99
"2012-05-11",0.19,31.73,7.5,34.94,29.59,1353.39
"2012-05-14",0.15,30.88,7.3,33.84,29.35,1338.35
"2012-05-15",0.16,30.71,7.25,34.26,29.25,1330.66
"2012-05-16",0.17,30.46,7.06,33.52,29.13,1324.8
"2012-05-17",0.13,29.95,6.93,32.08,28.78,1304.86
"2012-05-18",0.15,29.47,6.97,31.66,28.49,1295.22
"2012-05-21",0.13,29.91,6.78,30.73,28.37,1315.99
"2012-05-22",0.15,30.17,6.93,32.15,28.3,1316.63
"2012-05-23",0.18,30.24,7.12,32.39,28.06,1318.86
"2012-05-24",0.18,30.3,7.09,32.12,28.15,1320.68
"2012-05-25",0.15,30.35,7.1,31.67,28.04,1317.82
"2012-05-29",0.15,30.72,7.39,31.79,28.38,1332.42
"2012-05-30",0.15,30.2,7.16,31.16,27.6,1313.32
"2012-05-31",0.15,30.53,7.31,31.34,28.1,1310.33
"2012-06-01",0.15,28.73,6.98,30.19,27.2,1278.04
"2012-06-04",0.15,28.63,6.86,29.31,27.17,1278.18
"2012-06-05",0.15,29.07,7.06,30.24,27.34,1285.5
"2012-06-06",0.15,29.5,7.6,31.26,27.76,1315.13
"2012-06-07",0.15,29.7,7.38,31.02,28.16,1314.99
"2012-06-08",0.15,29.94,7.52,31.84,28.49,1325.66
"2012-06-11",0.15,29.52,7.24,31.03,27.47,1308.93
"2012-06-12",0.15,29.82,7.45,31.93,27.86,1324.18
"2012-06-13",0.15,30.08,7.46,32.43,27.47,1314.88
"2012-06-14",0.15,30.51,7.62,32.76,27.63,1329.1
"2012-06-15",0.13,30.91,7.85,33.12,27.84,1342.84
"2012-06-18",0.13,30.92,7.71,32.73,27.94,1344.78
"2012-06-19",0.14,31.4,8.06,33.45,28.36,1357.98
"2012-06-20",0.15,31.26,8.09,34.46,28.11,1355.69
"2012-06-21",0.13,30.81,7.77,33.57,27.55,1325.51
"2012-06-22",0.13,31.26,7.89,34.02,28.17,1335.02
"2012-06-25",0.13,30.69,7.56,33.39,27.9,1313.72
"2012-06-26",0.14,30.8,7.58,33.76,27.89,1319.99
"2012-06-27",0.12,31.18,7.72,34.77,28.46,1331.85
"2012-06-28",0.13,30.94,7.69,33.92,28.26,1329.04
"2012-06-29",0.13,31.86,8.13,33.78,29.1,1362.16
"2012-07-02",0.12,31.96,8,34.3,29.61,1365.51
"2012-07-03",0.12,31.89,8.01,34.2,29.89,1374.02
"2012-07-05",0.12,31.56,7.77,32.77,29.75,1367.58
"2012-07-06",0.12,31.49,7.62,32.32,29.31,1354.68
"2012-07-09",0.12,31.69,7.52,32.37,28.94,1352.46
"2012-07-10",0.12,31.41,7.44,32.65,29.05,1341.47
"2012-07-11",0.12,31.69,7.59,32.97,29.12,1341.45
"2012-07-12",0.13,31.29,7.44,32.45,29.53,1334.76
"2012-07-13",0.12,32.3,7.77,34.38,32.08,1356.78
"2012-07-16",0.13,32.41,7.76,33.45,32.81,1353.64
"2012-07-17",0.13,32.5,7.87,33.36,33.11,1363.67
"2012-07-18",0.12,32.35,7.49,33.33,33.14,1372.78
"2012-07-19",0.12,32.53,7.22,32.85,32.14,1376.51
"2012-07-20",0.12,32.21,7.03,32.32,32.19,1362.66
"2012-07-23",0.12,31.86,7.05,32.83,31.7,1350.52
"2012-07-24",0.12,31.66,7,33.11,31.32,1338.31
"2012-07-25",0.17,31.59,7.03,33.53,31.1,1337.89
"2012-07-26",0.12,32.18,7.13,34.14,31.06,1360.02
"2012-07-27",0.17,32.53,7.27,35.17,31.39,1385.97
"2012-07-30",0.17,32.35,7.24,34.45,31.2,1385.3
"2012-07-31",0.13,32.21,7.3,34.32,31.28,1379.32
"2012-08-01",0.13,32.29,7.18,34.32,30.83,1375.32
"2012-08-02",0.12,31.76,7.14,33.53,30.47,1365
"2012-08-03",0.16,32.71,7.39,34.4,31.62,1390.99
"2012-08-06",0.16,32.39,7.6,34.6,31.23,1394.23
"2012-08-07",0.16,32.35,7.63,35.28,31.33,1401.35
"2012-08-08",0.16,32.43,7.63,35.42,31.13,1402.22
"2012-08-09",0.16,32.43,7.67,35.2,31.07,1402.8
"2012-08-10",0.16,32.44,7.69,35.24,31.02,1405.87
"2012-08-13",0.14,32.56,7.67,35.26,30.92,1404.11
"2012-08-14",0.14,32.56,7.73,35.37,30.73,1403.93
"2012-08-15",0.14,32.57,7.82,35.34,31.34,1405.53
"2012-08-16",0.16,32.73,7.88,35.37,31.29,1415.51
"2012-08-17",0.13,32.63,7.95,35.25,31.29,1418.16
"2012-08-20",0.13,32.67,8.1,35.62,31.58,1418.13
"2012-08-21",0.13,32.97,8.14,36.26,31.59,1413.17
"2012-08-22",0.13,32.77,8.17,36.06,31.1,1413.49
"2012-08-23",0.13,32.52,8.1,35.49,30.52,1402.08
"2012-08-24",0.13,32.64,8.11,35.43,30.78,1411.13
"2012-08-27",0.13,32.62,8.02,35.49,31.29,1410.44
"2012-08-28",0.13,32.7,7.91,35.4,31.47,1409.3
"2012-08-29",0.13,32.67,7.95,35.56,31.77,1410.49
"2012-08-30",0.13,32.48,7.86,35.18,31.26,1399.48
"2012-08-31",0.13,32.63,7.94,35.4,31.19,1406.58
"2012-09-04",0.13,32.41,7.95,35.28,31.94,1404.94
"2012-09-05",0.14,32.36,7.91,35.38,32,1403.44
"2012-09-06",0.14,33.41,8.31,36.88,32.82,1432.12
"2012-09-07",0.15,33.56,8.76,37.46,32.69,1437.92
"2012-09-10",0.13,33.17,8.54,36.95,32.63,1429.08
"2012-09-11",0.12,32.75,8.99,37.75,32.45,1433.56
"2012-09-12",0.12,32.92,8.93,38.05,32.88,1436.56
"2012-09-13",0.12,34.09,9.36,39.47,33.33,1459.99
"2012-09-14",0.12,34.64,9.51,39.63,33.57,1465.77
"2012-09-17",0.12,33.88,9.26,39.27,32.97,1461.19
"2012-09-18",0.12,33.98,9.19,39.33,33.65,1459.32
"2012-09-19",0.12,33.8,9.25,39.41,33.33,1461.05
"2012-09-20",0.12,33.75,9.15,39.32,32.93,1460.26
"2012-09-21",0.12,33.53,9.07,38.97,32.77,1460.15
"2012-09-24",0.12,33.66,9.06,39.3,33.14,1456.89
"2012-09-25",0.12,33.29,8.89,38.66,32.97,1441.59
"2012-09-26",0.12,33,8.78,38.36,33.16,1433.32
"2012-09-27",0.12,33.33,8.93,38.78,33.67,1447.15
"2012-09-28",0.12,33.11,8.79,38.59,33.5,1440.67
"2012-10-01",0.12,33.27,8.92,39.06,33.28,1444.49
"2012-10-02",0.15,33.39,8.89,39.01,33.15,1445.75
"2012-10-03",0.12,33.98,9.07,39.24,33.08,1450.99
"2012-10-04",0.12,34.49,9.37,40.16,33.22,1461.4
"2012-10-05",0.12,34.37,9.28,40.05,33.5,1460.93
"2012-10-08",0.12,34.33,9.24,40.01,33.09,1455.88
"2012-10-09",0.12,33.66,9.17,39.74,32.64,1441.48
"2012-10-10",0.12,33.78,9.17,40.11,32.73,1432.56
"2012-10-11",0.12,33.73,9.3,40.43,33.3,1432.84
"2012-10-12",0.13,32.84,9.08,39.97,31.78,1428.59
"2012-10-15",0.13,32.51,9.4,40.7,31.66,1440.13
"2012-10-16",0.12,32.34,9.42,41.13,31.41,1454.92
"2012-10-17",0.12,33.05,9.4,41.6,31.86,1460.91
"2012-10-18",0.12,33.15,9.43,41.3,32.12,1457.34
"2012-10-19",0.12,32.93,9.4,40.64,31.92,1433.19
"2012-10-22",0.12,33.08,9.51,40.42,31.94,1433.82
"2012-10-23",0.12,32.48,9.32,39.69,31.8,1413.11
"2012-10-24",0.12,32.33,9.27,40.05,31.89,1408.75
"2012-10-25",0.12,32.66,9.2,40.02,32.17,1412.97
"2012-10-26",0.13,32.57,9.08,39.53,31.52,1411.94
"2012-10-31",0.13,32.3,9.28,40.03,31.95,1412.16
"2012-11-01",0.11,32.66,9.7,41.14,32.07,1427.59
"2012-11-02",0.11,32.35,9.8,40.74,31.25,1414.2
"2012-11-05",0.15,32.62,9.71,40.59,31.27,1417.26
"2012-11-06",0.12,32.91,9.89,41.18,31.85,1428.39
"2012-11-07",0.11,31.76,9.19,38.87,30.31,1394.53
"2012-11-08",0.13,31.22,9.35,38.8,30.25,1377.51
"2012-11-09",0.12,31.22,9.39,39.01,31.04,1379.85
"2012-11-12",0.12,31.24,9.35,38.97,31.13,1380.03
"2012-11-13",0.12,30.9,9.29,38.45,30.64,1374.53
"2012-11-14",0.12,30.33,8.95,37.73,30.49,1355.49
"2012-11-15",0.13,30.47,9.05,37.83,30.47,1353.33
"2012-11-16",0.11,30.82,9.08,37.96,30.71,1359.88
"2012-11-19",0.11,31.27,9.45,38.98,31.22,1386.89
"2012-11-20",0.12,31.77,9.59,39.09,31.7,1387.81
"2012-11-21",0.12,31.45,9.73,39.11,31.48,1391.03
"2012-11-23",0.12,32.04,9.85,39.46,31.64,1409.15
"2012-11-26",0.12,31.75,9.79,39.26,31.64,1406.29
"2012-11-27",0.12,31.49,9.62,39.13,31.13,1398.94
"2012-11-28",0.11,31.66,9.72,39.21,31.03,1409.93
"2012-11-29",0.1,32,9.78,39.58,31.18,1415.95
"2012-11-30",0.12,31.86,9.81,39.45,31.01,1416.18
"2012-12-03",0.12,31.61,9.76,39.19,31.61,1409.46
"2012-12-04",0.12,31.6,9.86,38.96,31.6,1407.05
"2012-12-05",0.12,31.83,10.42,39.57,31.55,1409.28
"2012-12-06",0.1,31.98,10.42,39.82,31.81,1413.94
"2012-12-07",0.12,32.07,10.6,40.87,31.69,1418.07
"2012-12-10",0.12,31.89,10.53,40.63,31.79,1418.55
"2012-12-11",0.12,32.13,10.47,40.95,32.33,1427.84
"2012-12-12",0.12,32.33,10.57,41.07,31.74,1428.48
"2012-12-13",0.13,32.1,10.5,41.08,31.56,1419.45
"2012-12-14",0.11,31.99,10.54,41.11,31.72,1413.58
"2012-12-17",0.11,33.18,10.96,41.75,32.12,1430.36
"2012-12-18",0.11,33.74,11.32,42.13,32.29,1446.79
"2012-12-19",0.11,33.41,11.15,41.8,32.16,1435.81
"2012-12-20",0.1,33.83,11.48,42.76,32.84,1443.69
"2012-12-21",0.1,33.27,11.25,42.25,32.56,1430.15
"2012-12-24",0.1,33.22,11.21,42.18,32.67,1426.66
"2012-12-26",0.11,33.13,11.5,42.22,32.64,1419.83
"2012-12-27",0.11,32.99,11.43,41.9,33.18,1418.1
"2012-12-28",0.11,32.72,11.32,41.52,32.53,1402.43
"2012-12-31",0.1,32.99,11.57,42.23,32.66,1426.19
"2013-01-02",0.11,33.82,11.99,43.18,33.54,1462.42
"2013-01-03",0.1,33.55,11.92,43.1,33.67,1459.37
"2013-01-04",0.11,33.72,12.07,43.86,33.79,1466.47
"2013-01-07",0.09,33.55,12.05,43.91,33.68,1461.89
"2013-01-08",0.12,33.5,11.94,43.99,33.64,1457.15
"2013-01-09",0.09,33.5,11.39,43.97,33.27,1461.02
"2013-01-10",0.1,34.16,11.74,44.62,33.41,1472.12
"2013-01-11",0.1,33.87,11.59,44.61,33.38,1472.05
"2013-01-14",0.12,33.55,11.43,44.36,33.66,1470.68
"2013-01-15",0.1,33.88,11.51,44.82,33.78,1472.34
"2013-01-16",0.1,33.86,11.74,45.27,33.83,1472.63
"2013-01-17",0.1,33.81,11.24,44.9,34.65,1480.94
"2013-01-18",0.1,33.71,11.1,44.92,34.89,1485.98
"2013-01-22",0.09,33.82,11.31,45,35.11,1492.56
"2013-01-23",0.09,33.73,11.38,44.7,34.84,1494.81
"2013-01-24",0.11,33.93,11.49,44.84,35.77,1494.82
"2013-01-25",0.1,33.91,11.58,45.6,36.28,1502.96
"2013-01-28",0.1,33.88,11.44,45.1,35.95,1500.18
"2013-01-29",0.1,34.04,11.45,45.56,36.25,1507.84
"2013-01-30",0.1,33.99,11.34,45.57,35.88,1501.96
"2013-01-31",0.1,33.85,11.28,45.49,35.6,1498.11
"2013-02-01",0.1,34.14,11.67,46.27,36.26,1513.17
"2013-02-04",0.1,33.78,11.44,46.1,36,1495.71
"2013-02-05",0.1,33.87,11.84,47.18,36.83,1511.29
"2013-02-06",0.1,33.99,11.89,47,37.14,1512.12
"2013-02-07",0.12,33.69,11.8,46.63,36.85,1509.39
"2013-02-08",0.12,33.9,11.72,47.02,36.84,1517.93
"2013-02-11",0.11,34.27,11.82,47.05,36.86,1517.01
"2013-02-12",0.11,34.51,12.21,47.51,37.13,1519.43
"2013-02-13",0.11,34.14,12.13,47.07,37.23,1520.33
"2013-02-14",0.11,34.22,12.09,47.59,37.04,1521.38
"2013-02-15",0.11,34.17,11.99,47.26,37.56,1519.79
"2013-02-19",0.11,34.15,12.15,47.81,37.92,1530.94
"2013-02-20",0.1,34.11,11.76,47,37.57,1511.95
"2013-02-21",0.1,34.46,11.38,46.65,37.42,1502.42
"2013-02-22",0.1,34.81,11.4,47.29,37.87,1515.6
"2013-02-25",0.1,33.81,10.99,46.12,36.85,1487.85
"2013-02-26",0.1,33.77,11.09,46.03,37.69,1496.94
"2013-02-27",0.12,34.14,11.27,47.65,37.79,1515.99
"2013-02-28",0.11,34.1,11.2,47.3,37.62,1514.68
"2013-03-01",0.11,34.4,11.31,47.29,37.92,1518.2
"2013-03-04",0.11,34.84,11.38,47.48,38.47,1525.2
"2013-03-05",0.11,34.87,11.52,47.85,39.41,1539.79
"2013-03-06",0.11,35.04,11.89,48.37,40.04,1541.46
"2013-03-07",0.11,35.4,12.23,48.96,40.5,1544.26
"2013-03-08",0.12,35.48,12.04,48.54,40.87,1551.18
"2013-03-11",0.11,36.09,12.12,48.81,40.92,1556.22
"2013-03-12",0.11,35.63,11.98,48.62,40.54,1552.48
"2013-03-13",0.1,35.74,12.03,48.5,41.1,1554.52
"2013-03-14",0.11,35.93,12.08,49.31,41.56,1563.23
"2013-03-15",0.11,37.13,12.54,48.37,41.5,1560.7
"2013-03-18",0.11,36.7,12.53,47.87,41.21,1552.1
"2013-03-19",0.11,36.44,12.68,47.57,41.66,1548.34
"2013-03-20",0.11,36.39,12.75,47.5,42.07,1558.71
"2013-03-21",0.12,36.1,12.54,46.75,42.02,1545.8
"2013-03-22",0.12,36.16,12.53,47.17,42.53,1556.89
"2013-03-25",0.12,36.17,12.37,46.91,43.07,1551.69
"2013-03-26",0.12,36.25,12.25,47.03,43.54,1563.77
"2013-03-27",0.11,35.94,12.2,46.19,43.69,1562.85
"2013-03-28",0.11,35.95,12.15,45.89,43.47,1569.19
"2013-04-01",0.11,35.89,12.12,46.25,43.62,1562.17
"2013-04-02",0.11,35.84,12.12,46.68,43.48,1570.25
"2013-04-03",0.11,35.64,11.78,45.58,41.13,1553.69
"2013-04-04",0.11,36.37,11.91,46.21,41.36,1559.98
"2013-04-05",0.1,36.11,11.94,46.61,40.97,1553.28
"2013-04-08",0.1,35.98,12.18,47.27,40.81,1563.07
"2013-04-09",0.1,36.4,12.22,47.36,40.71,1568.61
"2013-04-10",0.1,36.52,12.29,47.92,41.59,1587.73
"2013-04-11",0.1,36.46,12.24,47.98,40.4,1593.37
"2013-04-12",0.1,36.17,12.14,47.68,39.7,1588.85
"2013-04-15",0.1,35.54,11.95,46.63,39.06,1552.36
"2013-04-16",0.12,36.02,12.25,47.18,39.89,1574.57
"2013-04-17",0.1,35.53,11.67,45.52,39.53,1552.01
"2013-04-18",0.1,35.25,11.41,45.38,39.25,1541.61
"2013-04-19",0.1,35.66,11.63,45.95,39.76,1555.25
"2013-04-22",0.1,35.7,11.69,46.07,39.77,1562.5
"2013-04-23",0.1,36.09,12.04,46.87,40.31,1578.78
"2013-04-24",0.1,36.29,12.28,47.4,40.63,1578.79
"2013-04-25",0.11,36.58,12.41,47.68,40.98,1585.16
"2013-04-26",0.1,36.82,12.39,47.56,40.3,1582.24
"2013-04-29",0.1,36.82,12.35,47.6,40.37,1593.61
"2013-04-30",0.1,36.91,12.28,47.68,40.28,1597.57
"2013-05-01",0.1,36.41,12.11,46.71,39.02,1582.7
"2013-05-02",0.1,36.36,12.16,46.78,39.79,1597.59
"2013-05-03",0.1,36.68,12.21,46.28,40.42,1614.42
"2013-05-06",0.1,36.84,12.85,46.88,40.98,1617.5
"2013-05-07",0.1,37.32,12.87,47.81,41.51,1625.96
"2013-05-08",0.1,37.67,12.98,48.41,41.1,1632.69
"2013-05-09",0.1,37.12,12.88,47.71,41.11,1626.67
"2013-05-10",0.1,37.25,12.98,47.64,41.19,1633.7
"2013-05-13",0.1,37.42,12.95,48.33,41.69,1633.77
"2013-05-14",0.1,37.97,13.3,48.87,42.32,1650.34
"2013-05-15",0.1,38.5,13.4,49.71,42.85,1658.78
"2013-05-16",0.1,38.46,13.32,49.59,43.2,1650.47
"2013-05-17",0.1,39.07,13.39,50.89,43.66,1667.47
"2013-05-20",0.1,39.38,13.47,50.88,43.81,1666.29
"2013-05-21",0.1,39.85,13.4,51.59,43.97,1669.16
"2013-05-22",0.1,39.28,13.27,52.18,43.99,1655.35
"2013-05-23",0.1,39.19,13.17,51.91,43.28,1650.51
"2013-05-24",0.1,39.42,13.2,52.21,42.99,1649.6
"2013-05-28",0.12,39.69,13.31,53.12,43.83,1660.06
"2013-05-29",0.13,39.92,13.44,53.19,43.42,1648.36
"2013-05-30",0.13,40.41,13.79,54.12,43.8,1654.41
"2013-05-31",0.11,39.72,13.62,53.11,42.96,1630.74
"2013-06-03",0.11,39.9,13.51,53.02,42.97,1640.42
"2013-06-04",0.11,39.61,13.32,52.58,42.61,1631.38
"2013-06-05",0.15,39.01,13.06,51.6,42.01,1608.9
"2013-06-06",0.11,39.89,13.17,52.05,42.34,1622.56
"2013-06-07",0.11,40.41,13.35,52.8,42.82,1643.38
"2013-06-10",0.11,40.43,13.27,52.89,43.41,1642.81
"2013-06-11",0.11,39.83,13.09,52.04,43.87,1626.13
"2013-06-12",0.14,39.45,13.03,51.74,43.03,1612.52
"2013-06-13",0.12,40.1,13.18,52.71,43.2,1636.36
"2013-06-14",0.12,39.34,13.04,51.69,42.36,1626.73
"2013-06-17",0.12,39.78,13.18,52.39,42.81,1639.04
"2013-06-18",0.14,40.01,13.24,52.65,42.76,1651.81
"2013-06-19",0.12,39.83,13.16,52.1,42.56,1628.93
"2013-06-20",0.12,39.27,12.86,51.06,42.76,1588.19
"2013-06-21",0.12,40.12,12.67,50.56,43.24,1592.43
"2013-06-24",0.12,38.99,12.28,49.54,42.79,1573.09
"2013-06-25",0.12,39.48,12.65,50.67,43.08,1588.03
"2013-06-26",0.12,40.18,12.74,51.08,42.8,1603.26
"2013-06-27",0.12,40.71,12.98,51.71,42.71,1613.2
"2013-06-28",0.12,40.43,12.84,51.36,42.64,1606.28
"2013-07-01",0.12,40.52,12.9,51.07,43.05,1614.96
"2013-07-02",0.12,40.38,12.87,51.75,43.57,1614.08
"2013-07-03",0.12,40.38,12.81,51.72,43.88,1615.41
"2013-07-05",0.12,41.21,13.03,52.91,45.52,1631.89
"2013-07-08",0.12,41.96,13.25,53.61,45.5,1640.46
"2013-07-09",0.12,41.83,13.5,53.8,45.77,1652.32
"2013-07-10",0.11,41.21,13.34,53.74,45.41,1652.62
"2013-07-11",0.11,41.03,13.48,54.04,44.75,1675.02
"2013-07-12",0.12,41.76,13.75,53.87,44.31,1680.19
"2013-07-15",0.12,42.47,13.85,53.8,45.35,1682.5
"2013-07-16",0.12,42.14,13.89,53.91,45.35,1676.26
"2013-07-17",0.12,42.62,14.28,54.17,45.12,1680.91
"2013-07-18",0.12,43.5,14.73,55.25,46.18,1689.37
"2013-07-19",0.12,43.54,14.72,55.04,46.1,1692.09
"2013-07-22",0.12,43.72,14.89,55.43,46.48,1695.53
"2013-07-23",0.12,43.66,14.91,55.54,46.86,1692.39
"2013-07-24",0.11,43.41,14.68,55.5,47.33,1685.94
"2013-07-25",0.14,42.76,14.8,55.37,46.94,1690.25
"2013-07-26",0.14,42.62,14.7,54.93,47.12,1691.65
"2013-07-29",0.15,42.37,14.49,54.58,46.67,1685.33
"2013-07-30",0.15,42.38,14.49,54.23,47.04,1685.96
"2013-07-31",0.15,42.61,14.57,54.62,47.21,1685.73
"2013-08-01",0.19,43.36,14.92,55.41,47.54,1706.87
"2013-08-02",0.18,43.58,14.81,55.36,47.29,1709.67
"2013-08-05",0.18,43.43,14.77,54.98,47.49,1707.14
"2013-08-06",0.11,43.13,14.61,54.38,47.15,1697.37
"2013-08-07",0.11,42.68,14.5,54.2,46.65,1690.91
"2013-08-08",0.11,42.63,14.58,53.74,46.91,1697.48
"2013-08-09",0.11,42.64,14.42,53.43,46.9,1691.42
"2013-08-12",0.11,42.61,14.38,53.01,47.25,1689.47
"2013-08-13",0.12,42.73,14.48,53.21,47.72,1694.16
"2013-08-14",0.11,42.51,14.57,53.07,47.37,1685.39
"2013-08-15",0.11,42.4,14.29,52.23,46.84,1661.32
"2013-08-16",0.11,42.16,14.39,52.23,46.86,1655.83
"2013-08-19",0.11,41.91,14.12,50.8,46.55,1646.06
"2013-08-20",0.11,42.01,14.26,51.08,47.4,1652.35
"2013-08-21",0.18,41.78,14.31,50.6,46.88,1642.8
"2013-08-22",0.17,41.9,14.54,51.17,47.73,1656.96
"2013-08-23",0.17,42.17,14.54,51.28,47.76,1663.5
"2013-08-26",0.17,41.81,14.46,50.77,47.76,1656.78
"2013-08-27",0.17,40.55,14.08,49.59,46.15,1630.48
"2013-08-28",0.09,40.69,14.09,49.57,46.06,1634.96
"2013-08-29",0.11,40.69,14.14,49.69,46.36,1638.17
"2013-08-30",0.11,40.52,14.09,49.52,44.84,1632.97
"2013-09-03",0.1,40.82,14.22,50.11,45.11,1639.77
"2013-09-04",0.1,40.93,14.3,50.84,45.16,1653.08
"2013-09-05",0.1,41.25,14.35,51.07,45.46,1655.08
"2013-09-06",0.1,40.86,14.34,51.51,45.86,1655.17
"2013-09-09",0.1,41.15,14.46,51.81,46.3,1671.71
"2013-09-10",0.14,41.87,14.59,52.6,46.62,1683.99
"2013-09-11",0.18,41.92,14.63,52.2,47.05,1689.13
"2013-09-12",0.15,41.68,14.46,51.2,46.77,1683.42
"2013-09-13",0.15,41.61,14.47,51.54,46.17,1687.99
"2013-09-16",0.16,42.3,14.51,52.08,45.94,1697.6
"2013-09-17",0.16,42.26,14.53,52.03,46.7,1704.76
"2013-09-18",0.15,42.72,14.69,52.34,46.21,1725.52
"2013-09-19",0.15,42.37,14.59,51.7,46.34,1722.34
"2013-09-20",0.15,42.26,14.42,51.75,47.4,1709.91
"2013-09-23",0.15,41.73,14.12,50.43,47.46,1701.84
"2013-09-24",0.15,41.16,14.07,49.32,47.84,1697.42
"2013-09-25",0.14,41.24,14.12,50.67,47.52,1692.77
"2013-09-26",0.14,41.04,14.06,50.86,47.02,1698.67
"2013-09-27",0.14,41.02,13.88,51.2,46.88,1691.75
"2013-09-30",0.14,40.75,13.78,50.66,47.37,1681.55
"2013-10-01",0.14,40.92,13.88,50.92,48.22,1695
"2013-10-02",0.14,40.7,14.04,51.43,47.44,1693.87
"2013-10-03",0.19,40.44,13.98,51.28,47,1678.66
"2013-10-04",0.14,40.73,14.03,52,47.03,1690.5
"2013-10-07",0.12,40.06,13.79,51.17,45.94,1676.12
"2013-10-08",0.13,39.69,13.67,50.22,45.62,1655.45
"2013-10-09",0.12,39.81,13.82,50.1,45.22,1656.4
"2013-10-10",0.12,40.87,14.21,51.85,45.63,1692.56
"2013-10-11",0.12,40.86,14.17,51.84,46.98,1703.2
"2013-10-14",0.12,41.18,14.33,52.04,48.57,1710.14
"2013-10-15",0.12,40.97,14.22,51.64,48.15,1698.06
"2013-10-16",0.14,41.63,14.54,53.31,48.44,1721.54
"2013-10-17",0.12,42.1,14.64,53.52,48.6,1733.15
"2013-10-18",0.13,42.1,14.61,53.61,48.62,1744.5
"2013-10-21",0.14,42.04,14.5,53.58,48.53,1744.66
"2013-10-22",0.12,42.35,14.5,52.94,48.69,1754.67
"2013-10-23",0.13,42.17,14.19,52.08,48.9,1746.38
"2013-10-24",0.12,42.11,14.15,51.81,48.97,1752.07
"2013-10-25",0.12,42.27,14.24,52.1,49.46,1759.77
"2013-10-28",0.12,42.24,14.21,52.01,50.16,1762.11
"2013-10-29",0.12,42.37,14.13,52.06,50.08,1771.95
"2013-10-30",0.12,42.51,14.15,51.93,49.84,1763.31
"2013-10-31",0.12,42.11,13.95,50.88,49.12,1756.54
"2013-11-01",0.12,42.09,14,51.84,48.99,1761.64
"2013-11-04",0.11,42.12,14.02,51.38,49.64,1767.93
"2013-11-05",0.12,42.05,13.91,51.29,49.45,1762.97
"2013-11-06",0.11,42.16,13.94,51.44,49.47,1770.49
"2013-11-07",0.08,41.43,13.78,50.99,48.88,1747.15
"2013-11-08",0.11,42.42,14.3,53.27,50.97,1770.61
"2013-11-11",0.17,42.46,14.38,53.41,50.51,1771.89
"2013-11-12",0.17,42,14.3,53.28,49.96,1767.69
"2013-11-13",0.17,42.47,14.62,53.45,50.42,1782
"2013-11-14",0.11,42.8,14.78,53.71,50.81,1790.62
"2013-11-15",0.11,43.25,14.9,54.17,50.64,1798.18
"2013-11-18",0.17,43.12,14.9,55.03,50.95,1791.53
"2013-11-19",0.17,43.27,15.18,55.44,50.77,1787.87
"2013-11-20",0.11,43.33,15.12,55.39,50.96,1781.37
"2013-11-21",0.11,43.78,15.57,56.49,52.04,1795.85
"2013-11-22",0.11,44.06,15.62,56.73,53.14,1804.76
"2013-11-25",0.12,44.18,15.79,56.92,53.84,1802.48
"2013-11-26",0.13,44.01,15.86,56.44,54.93,1802.75
"2013-11-27",0.13,43.97,15.81,56.75,55.57,1807.23
"2013-11-29",0.14,43.73,15.8,56.49,55.74,1805.81
"2013-12-02",0.14,43.88,15.71,56.26,55.73,1800.9
"2013-12-03",0.14,43.44,15.52,56.14,54.92,1795.15
"2013-12-04",0.12,43.46,15.62,56.46,54.59,1792.81
"2013-12-05",0.13,42.96,15.42,55.11,54.68,1785.03
"2013-12-06",0.13,43.81,15.55,55.35,55.28,1805.09
"2013-12-09",0.13,44.02,15.57,55.79,55.37,1808.37
"2013-12-10",0.12,43.81,15.55,55.98,54.87,1802.62
"2013-12-11",0.13,43.23,15.24,55.36,53.86,1782.22
"2013-12-12",0.13,43.21,15.24,55.59,53.79,1775.5
"2013-12-13",0.13,43.44,15.17,55.46,53.72,1775.32
"2013-12-16",0.13,43.69,15.23,55.7,54,1786.54
"2013-12-17",0.13,43.3,15.17,55.01,53.56,1781
"2013-12-18",0.13,44.63,15.68,56.51,54.28,1810.65
"2013-12-19",0.12,44.72,15.74,56.5,54.06,1809.6
"2013-12-20",0.13,44.66,15.59,56.97,55.14,1818.32
"2013-12-23",0.13,44.91,15.68,57.5,57.21,1827.99
"2013-12-24",0.12,45.09,15.69,57.51,56.96,1833.32
"2013-12-26",0.12,45.23,15.64,57.46,57.03,1842.02
"2013-12-27",0.12,45.2,15.66,57.4,56.6,1841.4
"2013-12-30",0.14,45.2,15.53,57.21,56.31,1841.07
"2013-12-31",0.12,45.1,15.56,57.74,56.17,1848.36
"2014-01-02",0.12,44.72,16.09,57.85,55.9,1831.98
"2014-01-03",0.14,45.04,16.4,58.29,56.19,1831.37
"2014-01-06",0.12,45.12,16.65,58.63,56.06,1826.77
"2014-01-07",0.15,45.1,16.49,57.95,56.48,1837.88
"2014-01-08",0.15,45.61,16.57,58.5,56.21,1837.49
"2014-01-09",0.14,45.85,16.82,58.39,56.99,1838.13
"2014-01-10",0.12,45.63,16.76,58.12,56.57,1842.37
"2014-01-13",0.15,45.25,16.42,57.34,55.88,1819.2
"2014-01-14",0.16,45.28,16.76,57.38,56.44,1838.88
"2014-01-15",0.14,46.09,17.14,59.12,56.75,1848.38
"2014-01-16",0.12,46.08,17.07,58.62,56.37,1845.89
"2014-01-17",0.12,46.08,17,57.75,57.55,1838.7
"2014-01-21",0.13,46.19,17,57.81,59.24,1843.8
"2014-01-22",0.12,46.36,17.14,57.23,59.83,1844.86
"2014-01-23",0.12,46.04,16.85,56.12,59.58,1828.46
"2014-01-24",0.17,45.18,16.44,54.74,59.45,1790.29
"2014-01-27",0.13,45.22,16.3,54.74,58.62,1781.56
"2014-01-28",0.12,45.65,16.72,55.39,58.82,1792.5
"2014-01-29",0.12,45.28,16.67,55.18,57.9,1774.2
"2014-01-30",0.12,45.74,16.92,55.65,62.09,1794.19
"2014-01-31",0.12,45.04,16.74,55.01,63.18,1782.59
"2014-02-03",0.12,44.13,16.34,53.97,60.77,1741.89
"2014-02-04",0.12,44.47,16.34,54.61,60.81,1755.2
"2014-02-05",0.12,44.23,16.39,54.86,59.12,1751.64
"2014-02-06",0.12,44.78,16.68,56.13,59.65,1773.43
"2014-02-07",0.12,45.37,16.81,56.27,59.76,1797.02
"2014-02-10",0.11,45.52,16.71,56.38,59.7,1799.84
"2014-02-11",0.12,45.97,16.87,57.07,61.3,1819.75
"2014-02-12",0.11,45.99,16.74,57.16,61.81,1819.26
"2014-02-13",0.11,45.98,16.74,57.67,61.53,1829.83
"2014-02-14",0.11,46.13,16.69,57.79,61.74,1838.63
"2014-02-18",0.12,46.13,16.46,58.12,62.97,1840.76
"2014-02-19",0.12,45.53,16.19,56.9,60.14,1828.75
"2014-02-20",0.1,45.63,16.29,57.22,59.66,1839.78
"2014-02-21",0.11,45.6,16.28,57.25,59.83,1836.25
"2014-02-24",0.11,46.08,16.52,57.67,60.45,1847.61
"2014-02-25",0.11,46.08,16.33,56.67,60.24,1845.12
"2014-02-26",0.11,46.05,16.32,56.39,60.63,1845.16
"2014-02-27",0.11,46.05,16.48,56.33,62.6,1854.29
"2014-02-28",0.11,46.42,16.52,56.46,63.2,1859.45
"2014-03-03",0.11,46.15,16.29,55.86,62.69,1845.73
"2014-03-04",0.11,46.74,16.72,56.9,65.53,1873.91
"2014-03-05",0.11,47.09,17.25,57.8,65.46,1873.81
"2014-03-06",0.1,47.34,17.35,58.53,66.46,1877.03
"2014-03-07",0.11,47.95,17.33,59.03,66.21,1878.04
"2014-03-10",0.1,48.15,17.47,58.83,66.33,1877.17
"2014-03-11",0.12,47.81,17.27,57.83,66.65,1867.63
"2014-03-12",0.13,48.12,17.28,57.56,67.14,1868.2
"2014-03-13",0.13,47.84,17.16,57.06,67.27,1846.34
"2014-03-14",0.13,47.4,16.8,56.44,68.09,1841.13
"2014-03-17",0.13,48.13,17.11,57.22,68.65,1858.83
"2014-03-18",0.11,48.4,17.19,57.7,69.08,1872.25
"2014-03-19",0.11,47.81,17.44,57.93,69.08,1860.77
"2014-03-20",0.11,49.03,17.92,59.73,69.74,1872.01
"2014-03-21",0.11,49.12,17.56,59.79,67.76,1866.52
"2014-03-24",0.11,48.98,17.37,60.69,66.58,1857.44
"2014-03-25",0.11,48.96,17.21,60.55,66.9,1865.62
"2014-03-26",0.11,48.5,17.18,59.52,67.18,1852.56
"2014-03-27",0.11,49.1,17.01,59.54,66.03,1849.04
"2014-03-28",0.11,49.29,16.98,59.66,65.69,1857.62
"2014-03-31",0.11,49.74,17.2,60.33,67.82,1872.34
