"Date","Apple","Google","Amazon","Microsoft","HP"
"2008-03-31",137.93,220.46,71.3,24.44,44.51
"2008-04-01",143.72,233.09,76.7,25.4,45.07
"2008-04-02",141.76,233.08,77.37,25.11,46.06
"2008-04-03",145.72,227.79,74.94,24.97,46.51
"2008-04-04",147.13,235.78,76.87,25.11,46.93
"2008-04-07",149.83,238.65,76.9,25.11,47.42
"2008-04-08",146.9,234.14,77.3,24.76,48.24
"2008-04-09",145.56,232.33,74.39,24.88,48.79
"2008-04-10",148.55,234.77,74.83,25.07,49.48
"2008-04-11",141.42,228.95,71.99,24.35,49.02
"2008-04-14",142.04,226.06,72.61,24.16,50.23
"2008-04-15",142.62,223.64,72.5,24.32,51.28
"2008-04-16",147.73,227.74,74.59,24.93,51.93
"2008-04-17",148.49,224.99,74.04,25.16,51.78
"2008-04-18",154.78,269.97,80.1,25.83,53.69
"2008-04-21",161.63,269.16,80.18,26.19,53.36
"2008-04-22",153.98,277.78,79.6,26.05,53.85
"2008-04-23",156.56,273.52,81,27.08,52.35
"2008-04-24",162.38,271.79,77.69,27.38,51.07
"2008-04-25",163.14,272.3,80.86,25.69,53.03
"2008-04-28",165.55,276.34,81.97,24.96,52.29
"2008-04-29",168.25,279.51,80.74,24.66,50.25
"2008-04-30",167.19,287.43,78.63,24.56,51.05
"2008-05-01",173.01,296.84,79.36,25.32,47.55
"2008-05-02",173.91,290.94,77.31,25.18,51.86
"2008-05-05",177.55,297.75,75.92,25.04,52.25
"2008-05-06",179.41,293.47,75.71,25.57,53.69
"2008-05-07",175.5,289.79,73.18,25.15,52.99
"2008-05-08",177.87,291.8,72.79,25.2,54.41
"2008-05-09",176.32,286.89,72.41,25.31,55.06
"2008-05-12",180.85,292.76,74.53,25.82,54.1
"2008-05-13",182.58,291.79,74.56,25.74,55.6
"2008-05-14",179.02,288.44,74.2,25.87,55.77
"2008-05-15",182.36,290.79,76.12,26.32,57.15
"2008-05-16",180.33,290.33,76.46,25.92,58.23
"2008-05-19",176.47,289.05,82.29,25.46,58.73
"2008-05-20",178.68,289.59,80.72,24.86,59.17
"2008-05-21",171.27,275.27,78.3,24.41,58.18
"2008-05-22",170.17,275.01,79.26,24.6,57.88
"2008-05-23",174.13,272.58,78.35,24.24,57.06
"2008-05-27",179.19,280.73,80.62,24.58,56.54
"2008-05-28",179.75,284.4,80.08,24.35,57.27
"2008-05-29",179.44,291.79,80.35,24.47,57.76
"2008-05-30",181.42,293.19,81.62,24.47,59.55
"2008-06-02",178.87,287.79,80.23,24.03,60.27
"2008-06-03",178.17,283.93,80.11,23.6,60.33
"2008-06-04",178,286.4,81.5,23.8,60.47
"2008-06-05",182.07,293.44,84.51,24.46,63.22
"2008-06-06",178.43,283.78,80.63,23.76,62
"2008-06-09",174.56,279.21,79.43,23.95,63.45
"2008-06-10",178.43,277.36,79.62,24.1,62.16
"2008-06-11",173.79,272.87,77.28,23.44,63.79
"2008-06-12",166.53,276.75,76.15,24.41,63.04
"2008-06-13",165.67,286.04,79.17,25.12,62.5
"2008-06-16",169.97,286.69,81.7,25,63.68
"2008-06-17",174.38,285.02,82.97,24.89,67.01
"2008-06-18",171.81,281.47,82.52,24.6,67.48
"2008-06-19",173.87,280.38,84.26,25,67.98
"2008-06-20",168.46,273.49,81.1,24.4,68.46
"2008-06-23",166.43,272.88,80.68,24.17,73.18
"2008-06-24",166.52,271.42,79.64,23.97,69.82
"2008-06-25",170.5,275.78,80.51,24.5,68.24
"2008-06-26",161.72,264.67,76.3,23.98,68.22
"2008-06-27",163.48,264.3,74.66,23.88,68.33
"2008-06-30",160.94,263.47,73.33,23.77,68.45
"2008-07-01",167.89,267.63,73.62,23.22,68.14
"2008-07-02",161.65,263.78,71.44,22.37,66.89
"2008-07-03",163.51,268.77,72,22.45,65.35
"2008-07-07",168.36,272.23,72.49,22.5,63.1
"2008-07-08",172.58,277.54,75.04,22.34,60.52
"2008-07-09",167.48,271.05,70.61,21.8,61.15
"2008-07-10",169.77,270.56,70.63,21.99,63.11
"2008-07-11",165.88,267.17,68.54,21.82,64.16
"2008-07-14",167.13,261.07,66.28,21.74,64.95
"2008-07-15",163.05,258.3,67.03,22.6,62.78
"2008-07-16",166.1,268.07,71.84,23.56,60.88
"2008-07-17",165.14,266.99,72.11,23.78,56.31
"2008-07-18",158.73,240.9,69.12,22.35,57.21
"2008-07-21",159.83,234.63,68.48,22.16,60.16
"2008-07-22",155.73,238.79,67.97,22.3,58.7
"2008-07-23",159.8,244.85,70.54,22.84,54.33
"2008-07-24",152.85,238.05,78.72,21.99,53.96
"2008-07-25",155.82,246.24,78.31,22.61,55.07
"2008-07-28",148.4,238.8,75.98,22.04,55.88
"2008-07-29",150.98,241.8,78.21,22.57,54.05
"2008-07-30",153.67,241.59,78.21,22.67,58.17
"2008-07-31",152.78,237.11,76.34,22.23,56.2
"2008-08-01",150.57,234.16,75.75,21.99,58.28
"2008-08-04",147.28,231.73,75.71,21.85,52.1
"2008-08-05",154.4,240.17,79.11,22.65,51.28
"2008-08-06",157.81,243.41,78.09,23.35,53.82
"2008-08-07",157.22,239.8,76.95,23.67,52.82
"2008-08-08",162.96,247.75,80.51,24.31,50.37
"2008-08-11",166.82,250.67,88.09,24.11,50.43
"2008-08-12",169.86,251.56,87.25,24.3,51.1
"2008-08-13",172.34,250.27,86.69,24.12,52.58
"2008-08-14",172.35,253,88.03,24.12,51.59
"2008-08-15",168.91,255.33,86.4,24.03,50.78
"2008-08-18",168.58,249.4,83.11,23.93,49.91
"2008-08-19",166.79,245.5,81.29,23.7,50.17
"2008-08-20",169.01,242.74,82.13,23.68,53.07
"2008-08-21",167.52,243.51,83.26,23.58,54.4
"2008-08-22",169.92,245.54,85.26,24.16,53.86
"2008-08-25",165.85,241.75,82.85,24,53.17
"2008-08-26",166.89,237.32,81.76,23.66,54.58
"2008-08-27",167.88,234.52,81.73,23.91,55.43
"2008-08-28",166.99,237.13,83.42,24.24,54.95
"2008-08-29",162.94,231.88,80.81,23.68,54.34
"2008-09-02",159.73,232.86,81.41,23.51,49.47
"2008-09-03",160.47,232.44,80.77,23.34,49
"2008-09-04",154.96,225.36,78.03,22.86,47.8
"2008-09-05",153.96,222.35,79.19,22.26,46.93
"2008-09-08",151.79,210.19,81.16,22.66,44.68
"2008-09-09",145.79,209.54,79.04,22.65,40.91
"2008-09-10",145.72,207.29,76.74,22.94,43.8
"2008-09-11",146.72,217.09,79.51,23.72,43.51
"2008-09-12",143.15,219.05,78.3,23.97,45.64
"2008-09-15",134.91,217.15,77.34,23.27,42.72
"2008-09-16",134.45,221.69,78.73,22.55,44.33
"2008-09-17",122.86,207.45,71.54,21.32,43.43
"2008-09-18",128.88,219.76,76.5,21.92,44.48
"2008-09-19",135.44,224.8,81,21.83,50.1
"2008-09-22",125.96,215.29,74.93,22.04,50.36
"2008-09-23",121.91,214.85,71.76,22.07,46.04
"2008-09-24",123.71,217.77,69.96,22.32,45.69
"2008-09-25",126.81,220.02,72.08,23.09,45.05
"2008-09-26",123.26,215.74,70.7,23.77,43.49
"2008-09-29",101.17,190.69,63.35,21.7,38.44
"2008-09-30",109.24,200.46,72.76,23.16,41.09
"2008-10-01",104.88,206.07,69.58,22.98,39.99
"2008-10-02",96.21,195.44,67.36,22.78,35.17
"2008-10-03",93.3,193.65,67,22.84,34.64
"2008-10-06",94.33,185.79,65.23,21.61,30.99
"2008-10-07",85.7,173.18,58.52,20.16,29.36
"2008-10-08",86.3,169.22,61.02,19.97,29.44
"2008-10-09",85.29,164.65,56,19.35,27.43
"2008-10-10",93.04,166.17,56.25,18.66,22.94
"2008-10-13",105.98,190.7,62.02,22.13,29.02
"2008-10-14",100.04,181.54,55.86,20.91,29.39
"2008-10-15",94.15,169.75,48.72,19.66,23.74
"2008-10-16",97.93,176.69,50.29,20.99,24.66
"2008-10-17",93.62,186.46,50.65,20.76,24.5
"2008-10-20",94.62,189.85,52.97,21.45,27.03
"2008-10-21",87.94,181.56,50.23,20.27,28.3
"2008-10-22",93.11,178.01,49.99,18.68,27.08
"2008-10-23",94.41,176.34,50.32,19.37,27.11
"2008-10-24",92.64,169.81,48.96,19.05,26.09
"2008-10-27",88.51,164.91,49.58,18.38,23.92
"2008-10-28",96.03,184.56,56.04,20.04,26.69
"2008-10-29",100.49,179.18,56.89,19.96,29.08
"2008-10-30",106.73,180.03,56.71,19.64,31.84
"2008-10-31",103.41,179.86,57.24,19.38,32.64
"2008-11-03",102.81,173.42,55.77,19.63,31.49
"2008-11-04",106.68,183.65,58.45,20.42,33.7
"2008-11-05",99.29,171.29,51.98,19.16,31.58
"2008-11-06",95.25,165.78,47.22,18.12,28.31
"2008-11-07",94.42,165.74,49.21,18.66,27.67
"2008-11-10",92.16,159.55,48.46,18.48,27.71
"2008-11-11",91.09,155.89,46.3,18.39,25.67
"2008-11-12",86.62,145.65,41.56,17.61,23.35
"2008-11-13",92.69,156.2,44.93,18.44,26.39
"2008-11-14",86.73,155.17,41.75,17.41,24.78
"2008-11-17",84.72,150.21,39.69,16.76,24.67
"2008-11-18",86.42,148.86,38.44,17.14,25.2
"2008-11-19",82.94,140.23,35.84,15.98,22.43
"2008-11-20",77.36,129.91,35.03,15.31,18.59
"2008-11-21",79.37,131.35,37.87,17.19,19.75
"2008-11-24",89.34,128.85,42.5,18.07,21.48
"2008-11-25",87.27,141.17,42.19,17.46,22.43
"2008-11-26",91.31,146.19,43.96,17.9,25.32
"2008-11-28",89.07,146.63,42.7,17.66,24.17
"2008-12-01",85.48,133.13,40.47,16.26,20.04
"2008-12-02",88.88,137.69,41.19,16.73,19.73
"2008-12-03",92.17,139.85,45.21,17.36,19.78
"2008-12-04",87.86,137.31,47.32,16.69,17.25
"2008-12-05",90.35,142.14,48.26,17.36,17.97
"2008-12-08",95.85,151.21,51.41,18.35,18.99
"2008-12-09",96.17,153.14,51.25,18,19.87
"2008-12-10",94.39,154.56,49.7,18,21.61
"2008-12-11",91.31,150.26,48.25,16.99,21.28
"2008-12-12",94.45,158.04,51.25,16.91,21.23
"2008-12-15",91.07,155.49,48.85,16.63,21.39
"2008-12-16",91.72,162.8,52.63,17.57,22.5
"2008-12-17",85.7,157.78,53.18,17.17,22.02
"2008-12-18",85.96,155.3,52.08,16.86,19.4
"2008-12-19",86.5,155.24,51.56,16.7,20.06
"2008-12-22",82.41,148.7,49.84,16.75,18.8
"2008-12-23",83.02,149.16,51.08,16.84,18.88
"2008-12-24",81.74,151.63,51.44,16.75,18.92
"2008-12-26",82.48,150.33,51.78,16.71,19.57
"2008-12-29",83.25,148.86,49.4,16.56,20.21
"2008-12-30",82.94,151.71,50.76,16.89,20.81
"2008-12-31",82.03,153.98,51.28,16.98,21.68
"2009-01-02",87.22,160.82,54.36,17.76,23.88
"2009-01-05",90.91,164.19,54.06,17.93,25.43
"2009-01-06",89.41,167.2,57.36,18.13,25.99
"2009-01-07",87.47,161.17,56.2,17.04,24.53
"2009-01-08",89.1,162.76,57.16,17.58,24.69
"2009-01-09",87.06,157.69,55.51,17.05,23.52
"2009-01-12",85.22,156.5,51.92,17.01,22.42
"2009-01-13",84.3,157.32,51.45,17.31,23.61
"2009-01-14",82.02,150.64,48.49,16.68,21.65
"2009-01-15",80.14,149.64,51.44,16.81,22.21
"2009-01-16",79.13,149.98,51.59,17.22,22.25
"2009-01-20",75.16,141.52,48.44,16.14,20.34
"2009-01-21",79.61,151.69,50.54,16.93,23.1
"2009-01-22",84.93,153.4,49.94,14.95,22.08
"2009-01-23",84.93,162.51,50.63,15.03,23.49
"2009-01-26",86.16,162.1,49.63,15.4,23.81
"2009-01-27",87.21,165.91,48.44,15.43,23.4
"2009-01-28",90.54,174.51,50.36,15.76,23.67
"2009-01-29",89.39,171.83,50,15.37,21.35
"2009-01-30",86.63,169.43,58.82,14.94,21.41
"2009-02-02",87.96,170.46,61.15,15.58,20.43
"2009-02-03",89.37,170.4,63.59,16.16,20.43
"2009-02-04",89.92,171.67,61.06,16.27,20.66
"2009-02-05",92.71,177.04,63.18,16.63,21.26
"2009-02-06",95.85,185.83,66.55,17.17,22.13
"2009-02-09",98.53,189.57,66.71,16.98,22.64
"2009-02-10",94.03,179.43,63.31,16.42,21.37
"2009-02-11",93.06,179.2,64.35,16.78,21.33
"2009-02-12",95.41,181.71,63.96,16.82,21.27
"2009-02-13",95.31,179.02,63.26,16.68,21.8
"2009-02-17",90.86,171.5,61.67,15.91,20.78
"2009-02-18",90.7,176.73,62.35,15.94,21.16
"2009-02-19",87.12,171.49,61.95,15.75,22.13
"2009-02-20",87.66,173.4,63.86,15.83,21.69
"2009-02-23",83.57,165.2,61.71,15.14,20.81
"2009-02-24",86.74,172.9,65.6,15.1,21.87
"2009-02-25",87.62,170.99,63.71,14.92,22.32
"2009-02-26",85.73,168.76,62.34,14.44,22.44
"2009-02-27",85.84,169.16,64.79,14.2,22.6
"2009-03-02",84.52,163.74,61.99,13.89,19.77
"2009-03-03",84.94,162.9,61.7,13.97,19.22
"2009-03-04",87.63,159.62,64.81,14.18,20.2
"2009-03-05",85.39,152.97,64.77,13.43,19.34
"2009-03-06",81.99,154.44,61.69,13.44,19.39
"2009-03-09",79.88,145.59,60.49,13.33,19.82
"2009-03-10",85.19,154.24,65.71,14.49,21.57
"2009-03-11",89.08,159.11,68.54,15.05,21.37
"2009-03-12",92.61,161.93,69.58,14.96,22.39
"2009-03-13",92.2,162.37,68.63,14.64,21.25
"2009-03-16",91.71,160.01,66.98,14.29,21.72
"2009-03-17",95.79,167.84,71.35,14.86,22.26
"2009-03-18",97.58,166.72,71.25,14.92,22.15
"2009-03-19",97.67,165.14,70.1,15.08,23.49
"2009-03-20",97.64,165.25,69.96,15.01,21.92
"2009-03-23",103.48,174.47,75.58,16.12,23.5
"2009-03-24",102.36,173.76,72.81,15.77,22.78
"2009-03-25",102.35,172.21,72.4,15.73,23.44
"2009-03-26",105.6,176.82,73.69,16.56,25.05
"2009-03-27",102.7,174.02,70.52,15.95,23.3
"2009-03-30",100.43,171.52,71.44,15.37,22.28
"2009-03-31",101.04,174.2,73.44,16.16,21.75
"2009-04-01",104.47,177.22,73.5,16.98,22.55
"2009-04-02",108.33,181.43,76.34,16.97,24.39
"2009-04-03",111.48,185.08,78.17,16.49,27.28
"2009-04-06",113.85,184.3,77.99,16.5,26.56
"2009-04-07",110.53,179.5,75.51,16.5,25.68
"2009-04-08",111.8,181.18,76.98,16.88,26.13
"2009-04-09",114.93,186.44,79.77,17.3,27.67
"2009-04-13",115.55,189.24,78.94,17.23,27.52
"2009-04-14",113.71,184.64,77.22,17.02,27.27
"2009-04-15",113.07,189.94,74.71,16.56,28.18
"2009-04-16",116.73,194.56,77.25,17.38,30.39
"2009-04-17",118.63,196.32,78.05,16.89,31.45
"2009-04-20",115.82,189.84,77.57,16.37,28.56
"2009-04-21",117.03,190.93,78.74,16.68,31.03
"2009-04-22",116.79,192.12,79.2,16.52,31.81
"2009-04-23",120.53,192.54,80.61,16.64,30.51
"2009-04-24",119.09,194.94,84.46,18.39,31.29
"2009-04-27",119.88,193.17,83.12,17.94,30.56
"2009-04-28",119.09,192.05,82.4,17.53,30.41
"2009-04-29",120.28,195.93,79.79,17.81,32.08
"2009-04-30",120.94,198.18,80.52,17.82,29.44
"2009-05-01",122.3,197.04,78.96,17.8,29.93
"2009-05-04",126.94,201.19,79.77,17.76,31.72
"2009-05-05",127.55,201.7,81.9,17.41,31.52
"2009-05-06",127.35,201.94,81.99,17.41,33.26
"2009-05-07",124.05,198.5,79.28,16.99,31.48
"2009-05-08",124.17,203.87,77.95,17.08,33.17
"2009-05-11",124.54,204.19,78.61,16.99,30.91
"2009-05-12",119.59,199.7,77.93,17.49,31.52
"2009-05-13",114.85,194.96,74.19,17.37,29.88
"2009-05-14",118.17,193.94,75.11,17.64,29.66
"2009-05-15",117.66,195.2,73.6,17.78,28.43
"2009-05-18",121.73,198.62,75.95,18.12,31.1
"2009-05-19",122.5,199.64,77.87,17.98,31.19
"2009-05-20",120.98,198.79,77.97,18.04,30.99
"2009-05-21",119.36,198.45,75.96,17.54,30.27
"2009-05-22",117.74,196.95,75.64,17.48,30.51
"2009-05-26",125.7,202.38,78.39,18,31.31
"2009-05-27",127.88,202.98,77.1,17.82,30.93
"2009-05-28",129.82,205.41,77.65,18.1,32.32
"2009-05-29",130.53,208.82,77.99,18.49,33.46
"2009-06-01",133.94,213.49,83.05,18.94,35.2
"2009-06-02",134.07,214.41,84.93,18.94,35.07
"2009-06-03",135.47,216.04,85.68,19.23,32.2
"2009-06-04",138.16,220.36,85.52,19.32,33.26
"2009-06-05",139.05,222.38,87.56,19.6,32.14
"2009-06-08",138.26,219.6,86.36,19.52,31.64
"2009-06-09",137.18,218.03,87.08,19.54,32.13
"2009-06-10",134.8,216.52,86.59,19.96,32.77
"2009-06-11",134.51,214.71,85.69,20.21,34.1
"2009-06-12",131.65,212.63,84.08,20.65,33.41
"2009-06-15",130.8,208.59,83.18,20.73,32.13
"2009-06-16",131.05,208.21,82.15,20.76,30.97
"2009-06-17",130.31,207.79,82.65,20.96,29.51
"2009-06-18",130.6,207.24,81.6,20.8,29.67
"2009-06-19",134.06,210.26,82.96,21.31,29.55
"2009-06-22",132.03,203.88,79.15,20.61,27.74
"2009-06-23",128.8,203.04,77.68,20.66,28.02
"2009-06-24",130.93,204.85,79.27,20.77,28.56
"2009-06-25",134.43,208.09,82.2,21.06,29.95
"2009-06-26",136.91,212.87,83.88,20.67,30.16
"2009-06-29",136.46,212.28,83.03,21.12,29.99
"2009-06-30",136.9,211.01,83.66,21.04,29.53
"2009-07-01",137.28,209.7,81.6,21.28,29.28
"2009-07-02",134.58,204.45,79.32,20.69,27.94
"2009-07-06",133.23,205.01,78.1,20.54,27.08
"2009-07-07",130.14,198.51,75.63,19.94,26.18
"2009-07-08",131.89,201.45,77.36,19.97,26.54
"2009-07-09",131.06,205.4,78.1,19.86,26.84
"2009-07-10",133.14,207.41,77.63,19.82,26.88
"2009-07-13",136.81,212.36,81.47,20.56,27.72
"2009-07-14",136.74,212.56,81.95,20.46,28.29
"2009-07-15",141.17,219.3,84.55,21.35,29.54
"2009-07-16",141.79,221.52,86.11,21.63,30.46
"2009-07-17",145.86,215.34,85.85,21.5,30.68
"2009-07-20",146.97,215.3,88.23,21.71,31.15
"2009-07-21",145.62,214.16,89.01,21.98,31.76
"2009-07-22",150.65,214.06,88.79,21.95,31.17
"2009-07-23",151.69,218.89,93.87,22.62,32.46
"2009-07-24",153.78,223.58,86.49,20.76,32.65
"2009-07-27",153.88,222.62,84.24,20.46,32.83
"2009-07-28",153.78,220.15,84.98,20.77,31.97
"2009-07-29",153.81,218.34,84.34,21.07,31.76
"2009-07-30",156.47,223.04,86.09,21.07,31.91
"2009-07-31",157.04,221.75,85.76,20.82,32.87
"2009-08-03",159.96,226.33,87.44,21.09,33.6
"2009-08-04",159.12,227.09,85.8,21.04,33.44
"2009-08-05",158.7,225.8,84.29,21.07,34.26
"2009-08-06",157.54,225.41,84.47,20.77,33.59
"2009-08-07",159.08,228.78,85.32,20.85,33.35
"2009-08-10",158.32,228.53,84.44,20.73,32.97
"2009-08-11",156.5,227.2,83.56,20.47,31.77
"2009-08-12",158.89,229.52,85.96,20.83,32.21
"2009-08-13",161.88,231.37,84.6,20.91,32.99
"2009-08-14",160.3,230.23,83.58,20.97,31.67
"2009-08-17",153.39,222.67,81.06,20.58,30.18
"2009-08-18",157.63,222.86,82.12,20.99,31.05
"2009-08-19",158.21,222.21,83,21.05,31.67
"2009-08-20",159.87,230.44,84.09,21.07,31.93
"2009-08-21",162.65,232.85,85,21.73,33.35
"2009-08-24",162.49,234.6,84.5,21.93,33.98
"2009-08-25",162.82,235.92,84.19,21.93,32.78
"2009-08-26",160.91,234.23,84,21.85,32.58
"2009-08-27",162.87,233.26,84.31,21.98,32.5
"2009-08-28",163.44,232.61,82.76,21.97,32.75
"2009-08-31",161.68,231.07,81.19,21.94,32.06
"2009-09-01",158.88,228.11,79.16,21.36,31.57
"2009-09-02",158.76,226.73,78.14,21.24,30.93
"2009-09-03",160.08,228.99,78.46,21.46,31.5
"2009-09-04",163.69,230.88,78.87,21.91,32.92
"2009-09-08",166.21,229.54,80.9,22.09,34.15
"2009-09-09",164.49,232.22,82.24,22.06,34.56
"2009-09-10",165.86,235.71,83.85,22.25,35.17
"2009-09-11",165.47,236.31,84.54,22.13,36.1
"2009-09-14",166.97,237.8,83.86,22.25,36.73
"2009-09-15",168.36,239.01,83.55,22.43,38.44
"2009-09-16",174.81,244.39,90.7,22.43,39.26
"2009-09-17",177.38,246.11,90.44,22.52,37.65
"2009-09-18",177.83,245.98,90.28,22.48,36.7
"2009-09-21",176.87,248.75,90.56,22.52,37.3
"2009-09-22",177.31,249.78,93.75,22.94,38.02
"2009-09-23",178.29,249.48,92.38,22.88,36.96
"2009-09-24",176.68,248.63,92.11,23.09,35.79
"2009-09-25",175.29,246.49,90.52,22.74,35.4
"2009-09-28",178.92,249.51,92.21,22.99,37.14
"2009-09-29",178.18,249.51,91.72,22.92,37.98
"2009-09-30",178.15,248.17,93.36,22.89,37.88
"2009-10-01",173.83,243.84,91.04,22.15,36.35
"2009-10-02",177.72,242.53,89.85,22.22,35.86
"2009-10-05",178.79,244.5,88.67,21.93,37.61
"2009-10-06",182.63,249.62,90.91,22.35,38.81
"2009-10-07",182.86,259.03,93.97,22.34,38.95
"2009-10-08",181.92,257.35,95.22,22.85,40.01
"2009-10-09",183.07,258.38,95.71,22.74,39.78
"2009-10-12",183.4,262.28,93.6,22.89,40.62
"2009-10-13",182.64,263.32,94.83,22.97,40.01
"2009-10-14",183.86,267.93,97.46,23.11,40.44
"2009-10-15",183.16,265.22,96.01,23.77,41.9
"2009-10-16",180.75,275.2,95.32,23.59,42.43
"2009-10-19",182.48,276.32,94.68,23.46,42.49
"2009-10-20",191.04,276.14,94.98,23.47,42.33
"2009-10-21",196.96,275.83,93.42,23.66,42.62
"2009-10-22",197.23,277.32,93.45,23.67,43.02
"2009-10-23",196.02,277.12,118.49,24.94,41.27
"2009-10-26",194.61,277.38,124.64,25.53,39.85
"2009-10-27",189.7,274.42,122.07,25.45,39.28
"2009-10-28",184.93,270.42,121.64,24.94,37.03
"2009-10-29",188.72,275.8,122.58,25.12,38.74
"2009-10-30",181.18,268.33,118.81,24.68,36.43
"2009-11-02",181.96,267.26,118.84,24.82,36.42
"2009-11-03",181.42,268.91,118.37,24.5,37.36
"2009-11-04",183.4,270.44,117.1,24.98,36.55
"2009-11-05",186.49,274.6,120.61,25.34,37.07
"2009-11-06",186.79,275.83,126.2,25.39,36.49
"2009-11-09",193.63,281.54,126.67,25.8,37.63
"2009-11-10",195.1,283.66,130.15,25.82,37.38
"2009-11-11",195.35,285.57,129.91,25.92,37.52
"2009-11-12",194.14,284.21,130.53,26.13,36.29
"2009-11-13",196.51,286.31,132.97,26.37,36.32
"2009-11-16",198.6,288.43,131.59,26.29,36.92
"2009-11-17",198.96,289.03,131.25,26.82,36.39
"2009-11-18",197.96,288.61,131.29,26.92,36.63
"2009-11-19",192.72,286.78,128.99,26.62,35.88
"2009-11-20",192.15,285.27,129.66,26.48,35.89
"2009-11-23",197.88,291.47,133,26.77,36.65
"2009-11-24",196.5,291.84,132.94,26.74,36.82
"2009-11-25",196.26,293.16,134.03,26.63,37.6
"2009-11-27",192.8,290.17,131.74,26.12,36.37
"2009-11-30",192.14,291.79,135.91,26.29,36.02
"2009-12-01",189.32,295.23,138.5,26.83,36.24
"2009-12-02",188.61,294.05,142.25,26.62,36.04
"2009-12-03",188.85,293.16,141.17,26.67,35.3
"2009-12-04",185.81,292.8,137.58,26.8,35.3
"2009-12-07",181.61,293.42,134.21,26.63,35.67
"2009-12-08",182.49,293.82,134.11,26.44,35.03
"2009-12-09",190.12,294.8,131.31,26.56,35.33
"2009-12-10",188.8,296.05,135.38,26.71,36.54
"2009-12-11",187.11,295.55,134.15,26.69,36.72
"2009-12-14",189.33,298.16,131.38,26.92,37.5
"2009-12-15",186.63,296.87,130.23,26.84,37.59
"2009-12-16",187.45,299.18,128.36,26.91,38.34
"2009-12-17",184.41,297.27,126.91,26.46,38.09
"2009-12-18",187.84,298.51,128.48,27.14,38.59
"2009-12-21",190.53,299.64,132.79,27.29,38.8
"2009-12-22",192.58,300.86,133.75,27.55,39.15
"2009-12-23",194.25,306.15,138.94,27.64,40.69
"2009-12-24",200.92,309.55,138.47,27.72,40.59
"2009-12-28",203.39,311.75,139.31,27.87,40.43
"2009-12-29",200.98,310.01,139.41,28.06,39.75
"2009-12-30",203.42,311.68,136.49,27.68,39.06
"2009-12-31",202.54,310.3,134.52,27.25,38.26
"2010-01-04",205.7,313.69,133.9,27.67,40.27
"2010-01-05",206.05,312.31,134.69,27.68,42.62
"2010-01-06",202.77,304.43,132.25,27.51,44.18
"2010-01-07",202.4,297.35,130,27.22,44.46
"2010-01-08",203.75,301.31,133.52,27.41,46.05
"2010-01-11",201.95,300.86,130.31,27.06,44.57
"2010-01-12",199.65,295.54,127.35,26.88,43.66
"2010-01-13",202.47,293.84,129.11,27.13,45.32
"2010-01-14",201.29,295.22,127.35,27.68,46.61
"2010-01-15",197.93,290.29,127.14,27.59,45.56
"2010-01-19",206.69,294.1,127.61,27.8,45.92
"2010-01-20",203.51,290.5,125.78,27.35,45.36
"2010-01-21",199.99,291.78,126.62,26.83,45.2
"2010-01-22",190.07,275.28,121.43,25.89,42.65
"2010-01-25",195.18,270.27,120.31,26.21,42.89
"2010-01-26",197.94,271.48,119.48,26.37,43.25
"2010-01-27",199.8,271.32,122.75,26.53,43.35
"2010-01-28",191.55,267.41,126.03,26.07,42.3
"2010-01-29",184.6,265.24,125.41,25.19,40.13
"2010-02-01",187.17,266.78,118.87,25.4,41.11
"2010-02-02",188.25,265.83,118.12,25.44,41.51
"2010-02-03",191.49,270.68,119.1,25.6,41.2
"2010-02-04",184.59,263.65,115.94,24.89,38.67
"2010-02-05",187.87,265.91,117.39,25.05,38.7
"2010-02-08",186.58,267,116.83,24.78,38.38
"2010-02-09",188.57,268.49,118.03,25.04,39.03
"2010-02-10",187.54,267.49,117.36,25.02,39.38
"2010-02-11",190.95,268.47,120.09,25.14,40.1
"2010-02-12",192.6,266.83,119.66,24.97,40
"2010-02-16",195.5,270.92,117.53,25.46,41.23
"2010-02-17",194.68,269.37,116.31,25.68,42.36
"2010-02-18",195.05,271.88,118.08,26.02,42.55
"2010-02-19",193.84,270.65,117.52,25.84,42.18
"2010-02-22",192.63,271.67,118.01,25.81,40.09
"2010-02-23",189.41,267.8,117.24,25.45,39.95
"2010-02-24",192.87,266,119.72,25.72,39.6
"2010-02-25",194.15,263.48,118.2,25.69,39.76
"2010-02-26",196.67,263.66,118.4,25.75,38.92
"2010-03-01",200.87,266.61,124.54,26.07,38.98
"2010-03-02",200.74,270.8,125.53,25.56,39.17
"2010-03-03",201.2,272.93,125.89,25.56,39.59
"2010-03-04",202.52,277.57,128.53,25.72,38.55
"2010-03-05",210.44,282.39,128.91,25.68,38.65
"2010-03-08",210.57,281.52,130.11,25.72,38.04
"2010-03-09",214.36,280.38,128.82,25.87,38.33
"2010-03-10",216.11,288.51,130.51,26.02,39.06
"2010-03-11",216.74,290.86,133.58,26.21,39.15
"2010-03-12",217.8,290.06,131.82,26.29,39.27
"2010-03-15",215.14,281.87,131.13,26.31,38.81
"2010-03-16",215.73,282.88,131.79,26.38,39.27
"2010-03-17",215.41,283.06,131.34,26.61,39.45
"2010-03-18",215.92,283.48,132.76,26.6,37.35
"2010-03-19",213.62,280.28,130.35,26.58,36.53
"2010-03-22",216.02,279.03,130.47,26.59,37.29
"2010-03-23",219.49,274.77,129.26,26.84,37.26
"2010-03-24",220.46,278.94,128.04,26.63,36.59
"2010-03-25",217.85,281.72,134.73,26.96,34.96
"2010-03-26",221.93,281.63,135.06,26.64,35.06
"2010-03-29",223.36,281.51,135.12,26.58,36.28
"2010-03-30",226.69,283.64,136.58,26.74,36
"2010-03-31",225.87,283.84,135.77,26.31,36.58
"2010-04-01",226.8,284.68,131.81,26.19,37.25
"2010-04-05",229.23,285.79,131.49,26.29,38.33
"2010-04-06",230.23,284.39,135.56,26.34,38.09
"2010-04-07",231.25,282.05,134.87,26.36,37.53
"2010-04-08",230.63,284.03,140.96,26.87,37.28
"2010-04-09",232.4,283.39,140.06,27.25,37.46
"2010-04-12",232.88,286.65,141.2,27.23,37.28
"2010-04-13",233.01,293.68,140.16,27.35,37.41
"2010-04-14",236.15,294.79,144.28,27.68,38.37
"2010-04-15",239.25,297.95,145.82,27.73,39.13
"2010-04-16",237.79,275.35,142.17,27.55,38.18
"2010-04-19",237.47,275.33,142.43,27.88,37.89
"2010-04-20",235.09,277.8,144.2,28.17,39.02
"2010-04-21",249.15,277.43,146.43,28.14,40.38
"2010-04-22",256.12,273.8,150.09,28.2,41.07
"2010-04-23",260.31,272.77,143.63,27.81,41.5
"2010-04-26",259.03,266.09,147.11,27.94,41.59
"2010-04-27",251.86,264.79,142.02,27.71,40.05
"2010-04-28",251.44,264.86,139.35,27.76,40.94
"2010-04-29",258.2,266.27,141.73,27.84,39.86
"2010-04-30",250.95,263.11,137.1,27.43,39.02
"2010-05-03",256,265.57,137.49,27.72,38.85
"2010-05-04",248.63,253.44,129.83,27.06,38.17
"2010-05-05",246.05,255.14,130.93,26.81,37.85
"2010-05-06",236.68,249.58,128.71,26.03,35.87
"2010-05-07",226.7,246.82,124.98,25.34,34.26
"2010-05-10",244.12,261.09,131.29,25.99,35.51
"2010-05-11",246.56,254.78,130.46,25.94,35.18
"2010-05-12",251.91,252.95,133.87,26.44,36.34
"2010-05-13",248.32,255.7,131.47,26.26,36.43
"2010-05-14",243.96,254.02,128.53,25.99,36.13
"2010-05-17",244.34,254.24,128.91,25.99,35.17
"2010-05-18",242.56,249.43,126.28,25.81,35.01
"2010-05-19",238.69,247.46,124.59,25.48,34.27
"2010-05-20",228.52,237.74,119.71,24.46,32.15
"2010-05-21",232.91,236.26,122.72,24.22,33.21
"2010-05-24",237.17,238.82,122.12,23.7,32.26
"2010-05-25",235.69,238.77,124.86,23.52,32.56
"2010-05-26",234.63,237.97,123.21,22.57,32.56
"2010-05-27",243.51,245.48,126.7,23.46,35.32
"2010-05-28",246.9,243.06,125.46,23.28,36.24
"2010-06-01",250.7,241.43,123.24,23.36,34.49
"2010-06-02",253.7,246.93,126.31,23.87,36.64
"2010-06-03",252.9,253.05,128.76,24.24,39.31
"2010-06-04",246.02,249.61,122.77,23.27,37.26
"2010-06-07",241.19,243,122.01,22.82,37.25
"2010-06-08",239.64,242.63,118.84,22.66,37.52
"2010-06-09",233.75,237.25,117.91,22.37,37.7
"2010-06-10",240.78,243.75,123.21,22.56,40.55
"2010-06-11",243.66,244.49,123.03,23.15,40.37
"2010-06-14",244.4,241.84,123.83,23.01,39.81
"2010-06-15",249.6,249.24,126.84,23.98,40.73
"2010-06-16",256.87,250.89,126.9,23.75,40.75
"2010-06-17",261.31,250.29,125.89,23.79,41.03
"2010-06-18",263.42,250.27,125.83,23.86,40.89
"2010-06-21",259.68,244.52,122.55,23.41,40.21
"2010-06-22",263.21,243.37,122.31,23.25,38.77
"2010-06-23",260.44,241.27,121.45,22.84,38.87
"2010-06-24",258.55,237.79,118.33,22.56,37.54
"2010-06-25",256.34,236.58,121,22.13,37.58
"2010-06-28",257.88,236.28,117.8,21.93,36.54
"2010-06-29",246.22,227.36,108.61,21.03,36.02
"2010-06-30",241.76,222.7,109.26,20.76,35.13
"2010-07-01",238.83,219.96,110.96,20.9,35.08
"2010-07-02",237.35,218.49,109.14,21,35.14
"2010-07-06",238.97,218.25,110.06,21.49,35.58
"2010-07-07",248.62,225.33,113.43,21.93,38.25
"2010-07-08",248.06,228.51,116.22,22.02,38.5
"2010-07-09",249.53,233.98,117.26,21.9,38.91
"2010-07-12",247.3,238.15,119.51,22.4,38.22
"2010-07-13",242.02,244.84,123.65,22.67,38.64
"2010-07-14",242.91,245.92,123.3,22.95,38.57
"2010-07-15",241.68,247.26,122.06,23.02,38.51
"2010-07-16",240.19,230.04,118.49,22.46,36.9
"2010-07-19",236.04,233.32,119.94,22.76,37.16
"2010-07-20",242.11,241.04,120.1,22.99,38.7
"2010-07-21",244.36,238.99,117.43,22.67,38.53
"2010-07-22",248.96,242.65,120.07,23.31,39.57
"2010-07-23",249.84,245.28,118.87,23.29,39.44
"2010-07-26",249.21,244.73,118.4,23.55,40.03
"2010-07-27",253.82,246.56,117.13,23.6,39.37
"2010-07-28",250.82,242.42,117.13,23.41,39.06
"2010-07-29",248.08,242.74,116.86,23.49,38.9
"2010-07-30",247.26,242.67,117.89,23.29,38.98
"2010-08-02",251.68,245.45,120.07,23.76,39.79
"2010-08-03",251.76,245.16,122.42,23.6,39.68
"2010-08-04",252.76,253.41,127.58,23.22,39.82
"2010-08-05",251.53,254.3,127.83,22.89,39.4
"2010-08-06",249.99,250.36,128.32,23.05,39.07
"2010-08-09",251.58,252.93,128.83,23.11,39.15
"2010-08-10",249.33,252.11,130,22.62,38.65
"2010-08-11",240.47,246.12,125.89,22.43,36.76
"2010-08-12",242.01,246.25,126.56,22.1,36.6
"2010-08-13",239.42,243.42,124.69,22.02,36.05
"2010-08-16",238.02,243.04,126.07,22.11,35.93
"2010-08-17",242.18,245.51,128.86,22.41,36.73
"2010-08-18",243.24,241.32,129.65,22.51,36.55
"2010-08-19",240.17,234.22,127.57,22.17,36.05
"2010-08-20",239.94,231.24,127.76,21.98,35
"2010-08-23",236.25,232.27,126.6,22.02,35.6
"2010-08-24",230.61,225.92,124.53,21.81,36
"2010-08-25",233.45,227.54,126.85,21.86,35.57
"2010-08-26",230.95,225.72,124.86,21.61,35.18
"2010-08-27",232.23,229.64,126.64,21.71,36.41
"2010-08-30",233.08,226.57,123.79,21.44,36.46
"2010-08-31",233.66,225.24,124.83,21.29,35.68
"2010-09-01",240.61,230.4,132.49,21.68,37.38
"2010-09-02",242.37,231.82,135.21,21.72,37.61
"2010-09-03",248.72,235.39,138.79,22.03,37.94
"2010-09-07",247.8,232.43,137.22,21.73,37.16
"2010-09-08",252.71,235.53,139.14,21.71,37.78
"2010-09-09",252.85,238.33,140.38,21.78,37.67
"2010-09-10",253.18,238.31,142.44,21.63,38.79
"2010-09-13",256.67,241.38,145.07,22.78,39.66
"2010-09-14",257.65,240.46,145.75,22.7,39.23
"2010-09-15",259.72,240.56,145.45,22.79,38.85
"2010-09-16",265.83,240.77,148.13,22.98,37.11
"2010-09-17",264.67,245.32,148.32,22.88,37.14
"2010-09-20",272.23,254.39,151.3,23.07,37.82
"2010-09-21",272.75,256.99,150.73,22.81,37.51
"2010-09-22",276.57,258.26,151.83,22.32,37.6
"2010-09-23",277.7,257,152.85,22.16,37.58
"2010-09-24",280.96,263.91,160.73,22.48,38.44
"2010-09-27",279.85,265.47,159.37,22.43,38.04
"2010-09-28",275.72,263.85,159.7,22.39,38.22
"2010-09-29",276.21,264.11,158.99,22.22,38.66
"2010-09-30",272.73,263.16,157.06,22.21,38.97
"2010-10-01",271.55,263.07,153.71,22.11,38.78
"2010-10-04",267.82,261.44,155.39,21.69,38.85
"2010-10-05",277.72,269.38,160.87,22.09,39.62
"2010-10-06",277.96,267.44,155.4,22.16,40.7
"2010-10-07",277.99,265.27,156.27,22.25,39.64
"2010-10-08",282.65,268.44,155.55,22.29,40.34
"2010-10-11",283.89,269.69,153.03,22.31,40.81
"2010-10-12",286.94,270.97,156.48,22.52,40.88
"2010-10-13",288.48,271.92,155.17,22.99,42.25
"2010-10-14",290.57,270.74,155.53,22.89,42.52
"2010-10-15",302.51,301.03,164.64,23.17,42.52
"2010-10-18",305.65,309.16,163.56,23.42,42.15
"2010-10-19",297.47,304.22,158.67,22.77,40.4
"2010-10-20",298.47,304.29,158.67,22.96,40.62
"2010-10-21",297.5,306.3,164.97,23.06,40.23
"2010-10-22",295.53,306.57,169.13,23.02,40.04
"2010-10-25",296.84,308.56,169,22.85,39.79
"2010-10-26",296.08,309.61,169.95,23.49,39.97
"2010-10-27",295.87,308.54,167.51,23.63,41.1
"2010-10-28",293.38,309.6,166.84,23.84,41.34
"2010-10-29",289.29,307.16,165.23,24.19,41.21
"2010-11-01",292.36,307.81,162.58,24.45,41.13
"2010-11-02",297.34,308.11,164.61,24.85,41.21
"2010-11-03",300.65,310.4,168.47,24.52,41.21
"2010-11-04",305.91,312.45,168.93,24.62,42.38
"2010-11-05",304.81,312.85,170.77,24.36,42.1
"2010-11-08",306.24,313.7,171.99,24.32,42.13
"2010-11-09",303.8,312.72,170.27,24.45,42.38
"2010-11-10",305.68,311.75,173.33,24.44,43.41
"2010-11-11",304.35,308.9,170.37,24.2,44.83
"2010-11-12",296.06,301.95,165.68,23.83,44.07
"2010-11-15",295.11,298.03,158.9,23.77,43.82
"2010-11-16",289.87,292.15,157.78,23.56,43.38
"2010-11-17",288.83,292.07,158.35,23.34,43.73
"2010-11-18",296.45,298.58,164.17,23.58,45.7
"2010-11-19",294.81,295.71,164.82,23.45,44.91
"2010-11-22",301.19,295.91,170.39,23.48,44.37
"2010-11-23",296.74,291.8,168.2,22.93,43.28
"2010-11-24",302.57,297.78,177.25,23.15,44.08
"2010-11-26",302.76,295.3,177.2,23.04,43.78
"2010-11-29",304.56,291.35,179.49,23.1,43.86
"2010-11-30",299.06,278.13,175.4,23.05,43.75
"2010-12-01",304.11,282.46,176.55,23.77,45.2
"2010-12-02",305.79,286.2,176.53,24.54,46.62
"2010-12-03",305.11,286.79,175.68,24.66,46.58
"2010-12-06",307.71,289.47,178.05,24.5,46.19
"2010-12-07",305.85,293.86,176.77,24.52,45.69
"2010-12-08",308.54,295.57,176.29,24.85,45.55
"2010-12-09",307.34,296.05,174.85,24.71,45.72
"2010-12-10",308.11,296.4,175.62,24.95,46.05
"2010-12-13",309.17,297.61,174.25,24.87,46.4
"2010-12-14",307.85,297.75,173.94,25.21,46.19
"2010-12-15",307.92,295.45,175.57,25.42,46.25
"2010-12-16",308.77,296.15,178.04,25.55,46.96
"2010-12-17",308.16,295.7,177.58,25.46,47.01
"2010-12-20",309.69,297.83,183.29,25.38,46.87
"2010-12-21",311.61,301.84,184.75,25.62,46.84
"2010-12-22",312.53,303.05,184.76,25.73,47.01
"2010-12-23",311.03,302.42,182.59,25.83,47
"2010-12-27",312.07,301.49,182.14,25.62,46.7
"2010-12-28",312.83,299.76,181.09,25.56,46.77
"2010-12-29",312.65,300.8,183.37,25.53,47.32
"2010-12-30",311.09,299.73,182.75,25.42,47.15
"2010-12-31",310.03,297.28,180,25.47,46.76
"2011-01-03",316.77,302.48,184.22,25.54,47.3
"2011-01-04",318.42,301.36,185.01,25.64,46.41
"2011-01-05",321.03,304.84,187.42,25.55,47.48
"2011-01-06",320.77,307.06,185.86,26.3,46.7
"2011-01-07",323.06,308.53,185.49,26.1,47.16
"2011-01-10",329.15,307.41,184.68,25.76,46.84
"2011-01-11",328.37,308.31,184.34,25.65,47.12
"2011-01-12",331.04,308.74,184.08,26.06,48.32
"2011-01-13",332.25,308.65,185.53,25.73,47.96
"2011-01-14",334.94,312.4,188.75,25.83,48.96
"2011-01-18",327.42,320.14,191.25,26.16,50.11
"2011-01-19",325.68,316.19,186.87,25.98,49.23
"2011-01-20",319.76,313.7,181.96,25.87,48.83
"2011-01-21",314.03,306.22,177.42,25.57,48.84
"2011-01-24",324.34,305.85,176.85,25.9,48.78
"2011-01-25",328.14,310.27,176.7,25.97,48.09
"2011-01-26",330.49,308.56,175.39,26.27,49.98
"2011-01-27",329.88,308.7,184.45,26.35,54.73
"2011-01-28",323.04,300.8,171.14,25.33,54.37
"2011-01-31",326.14,300.48,169.64,25.31,56.65
"2011-02-01",331.63,305.83,172.11,25.55,56.89
"2011-02-02",330.94,306.31,173.53,25.5,56.97
"2011-02-03",330.1,305.38,173.71,25.24,57.08
"2011-02-04",333.04,305.8,175.93,25.34,57.01
"2011-02-07",338.21,307.45,176.43,25.74,57.49
"2011-02-08",341.4,309.5,183.06,25.81,57.88
"2011-02-09",344.25,308.56,185.3,25.53,56.86
"2011-02-10",340.77,308.53,186.21,25.1,57.39
"2011-02-11",342.99,312.56,189.25,24.87,57.2
"2011-02-14",345.23,314.39,190.42,24.85,58.08
"2011-02-15",345.92,312.39,189.03,24.75,58.09
"2011-02-16",349.02,312.42,186.62,24.81,59.51
"2011-02-17",344.38,312.94,187.76,24.98,59.46
"2011-02-18",336.94,315.36,186.5,24.84,60.01
"2011-02-22",325.46,305.41,180.42,24.41,59.62
"2011-02-23",329.31,305.97,176.68,24.41,60.86
"2011-02-24",329.56,304.71,177.75,24.58,59.8
"2011-02-25",334.64,305.33,177.24,24.37,62.55
"2011-02-28",339.49,307.01,173.29,24.4,62.75
"2011-03-01",335.74,300.68,169.44,24.02,61.06
"2011-03-02",338.44,300.7,172.02,23.94,61.54
"2011-03-03",345.59,305.09,172.79,24.05,62.12
"2011-03-04",346.02,300.61,171.67,23.82,61.85
"2011-03-07",341.56,296.13,169.08,23.61,61.15
"2011-03-08",341.94,296.45,166.89,23.79,61.04
"2011-03-09",338.78,296.18,169.05,23.77,60.24
"2011-03-10",333.2,290.44,166.14,23.33,58.36
"2011-03-11",338.32,288.64,168.07,23.58,59.53
"2011-03-14",339.83,285.28,166.73,23.58,59.78
"2011-03-15",332.01,285.07,165.08,23.31,59.74
"2011-03-16",317.19,278.83,164.7,22.76,58.49
"2011-03-17",321.64,280.96,160.97,22.75,61.03
"2011-03-18",317.82,280.81,161.82,22.77,59.07
"2011-03-21",326.12,288.54,164.52,23.25,61.14
"2011-03-22",327.95,288.95,162.6,23.23,61.04
"2011-03-23",326.01,291.37,165.32,23.45,61.55
"2011-03-24",331.57,293.74,171.1,23.7,61.87
"2011-03-25",337.88,290.16,170.98,23.52,63.18
"2011-03-28",336.83,287.97,169.35,23.33,63.97
"2011-03-29",337.33,291.16,174.62,23.4,65.71
"2011-03-30",335.09,291.21,179.42,23.51,65.26
"2011-03-31",334.97,293.67,180.13,23.31,66.33
"2011-04-01",331.18,296.2,180.13,23.39,66.57
"2011-04-04",327.94,294.13,182.94,23.46,66.37
"2011-04-05",325.73,284.83,185.29,23.67,66.33
"2011-04-06",324.91,287.38,182.76,24.01,64.73
"2011-04-07",324.95,290.29,184.91,24.05,65.18
"2011-04-08",322.04,289.37,184.71,23.93,66.57
"2011-04-11",317.95,288.97,184.04,23.85,64.55
"2011-04-12",319.49,285.59,180.48,23.54,62.48
"2011-04-13",323.07,288.43,182.29,23.53,63.23
"2011-04-14",319.51,289.54,181.82,23.34,64.01
"2011-04-15",314.74,265.62,180.01,23.29,65.5
"2011-04-18",318.96,263.68,178.34,23.02,64.66
"2011-04-19",324.74,261.03,178.82,23.09,65.2
"2011-04-20",329.11,263.13,183.87,23.65,66.34
"2011-04-21",337.08,262.81,185.89,23.43,66.73
"2011-04-25",339.3,262.79,185.42,23.51,66.64
"2011-04-26",336.81,266.68,182.3,24.04,67.92
"2011-04-27",336.55,269.15,196.63,24.22,67.57
"2011-04-28",333.28,269.25,195.07,24.52,62.81
"2011-04-29",336.53,272.32,195.81,23.8,64.06
"2011-05-02",332.83,269.55,201.19,23.56,60.98
"2011-05-03",334.67,267.21,198.45,23.7,58.61
"2011-05-04",335.99,268.16,199.97,23.92,56.36
"2011-05-05",333.28,267.4,197.11,23.68,56.42
"2011-05-06",333.19,267.92,197.6,23.75,55.68
"2011-05-09",334.1,269.11,200.8,23.71,57.37
"2011-05-10",335.88,271.6,203.94,23.57,58.78
"2011-05-11",333.74,267.99,204.38,23.28,56.75
"2011-05-12",333.11,267.79,206.07,23.25,56.73
"2011-05-13",327.27,265.04,202.56,22.98,57.05
"2011-05-16",320.35,259.47,192.51,22.56,55.96
"2011-05-17",323.08,265.5,194.81,22.66,55.82
"2011-05-18",326.67,265.17,197.09,22.82,58.01
"2011-05-19",327.3,265.89,198.8,22.84,58.23
"2011-05-20",322.2,262.28,198.65,22.63,58.29
"2011-05-23",321.41,259.45,196.22,22.33,57.21
"2011-05-24",319.29,259.39,193.27,22.32,58.14
"2011-05-25",323.7,260.1,192.26,22.35,59.67
"2011-05-26",321.99,259.32,195,22.8,60.15
"2011-05-27",324.3,260.71,194.13,22.88,60.48
"2011-05-31",334.32,264.77,196.69,23.11,60.58
"2011-06-01",332.09,263.06,192.4,22.58,60.56
"2011-06-02",332.66,264.29,193.65,22.38,61.79
"2011-06-03",330.1,261.8,188.32,22.09,61.21
"2011-06-06",324.91,260.79,185.69,22.19,59.07
"2011-06-07",319.14,259.77,187.55,22.23,59.45
"2011-06-08",319.33,259.84,188.05,22.12,59.54
"2011-06-09",318.61,258.62,189.68,22.14,60.49
"2011-06-10",313.24,255.01,186.53,21.91,58.51
"2011-06-13",313.91,252.62,186.29,22.21,56.92
"2011-06-14",319.53,254.44,189.96,22.38,58.65
"2011-06-15",314.06,251.73,185.98,21.94,57.18
"2011-06-16",312.53,250.44,183.65,22.18,56.94
"2011-06-17",307.82,242.75,186.37,22.42,56.4
"2011-06-20",303.07,242.53,187.72,22.61,57.31
"2011-06-21",312.66,246.75,194.23,22.88,58.99
"2011-06-22",310.08,243.75,191.63,22.78,59.49
"2011-06-23",318.36,240.35,194.16,22.76,59.21
"2011-06-24",313.67,237.68,192.55,22.45,58.65
"2011-06-27",319.14,241.64,201.25,23.29,58.91
"2011-06-28",322.24,247.07,202.35,23.84,60.9
"2011-06-29",321.06,249.03,204.18,23.67,62.31
"2011-06-30",322.63,253.44,204.49,24.03,63.91
"2011-07-01",329.93,260.78,209.49,24.04,65.21
"2011-07-05",335.86,266.49,213.19,24.05,65.2
"2011-07-06",338.1,267.95,214.19,24.33,65.98
"2011-07-07",343.32,273.57,216.74,24.74,66.9
"2011-07-08",345.74,266.26,218.28,24.88,66.16
"2011-07-11",340.25,263.9,212.55,24.61,64.48
"2011-07-12",340.01,267.27,211.23,24.52,64.75
"2011-07-13",344.11,269.4,213.5,24.61,66
"2011-07-14",343.87,264.73,210.38,24.46,64.74
"2011-07-15",350.74,299.11,212.87,24.75,67.71
"2011-07-18",359.28,297.77,211.53,24.57,66.81
"2011-07-19",362.21,301.58,218.06,25.45,68.91
"2011-07-20",371.87,297.97,215.55,25.01,68.81
"2011-07-21",372.25,303.8,213.21,25.04,69.45
"2011-07-22",378.02,309.42,216.52,25.44,70.13
"2011-07-25",383.02,309.8,213.49,25.79,70.17
"2011-07-26",387.74,311.57,214.18,25.95,70.14
"2011-07-27",377.34,303.91,222.52,25.25,68.03
"2011-07-28",376.6,305.78,223.9,25.62,69.36
"2011-07-29",375.31,302.15,222.52,25.32,66.74
"2011-08-01",381.34,303.69,221.32,25.2,66.09
"2011-08-02",373.8,296.5,211.7,24.77,63.6
"2011-08-03",377.32,300.89,209.96,24.88,61.86
"2011-08-04",362.71,289.05,201.48,23.97,55.76
"2011-08-05",359.11,289.81,202.7,23.73,54.94
"2011-08-08",339.49,273.28,193.7,22.62,49.59
"2011-08-09",359.48,286.99,205.09,23.64,53.35
"2011-08-10",349.56,274.78,194.13,22.36,52.89
"2011-08-11",359.18,281.35,198.36,23.28,56.46
"2011-08-12",362.35,282.17,202.3,23.19,57
"2011-08-15",368.52,278.89,202.95,23.57,58.18
"2011-08-16",365.7,269.77,197.68,23.57,55.57
"2011-08-17",365.66,266.84,195.93,23.48,55.22
"2011-08-18",351.83,252.69,182.52,22.94,50.57
"2011-08-19",342.2,245.71,178.93,22.36,47.75
"2011-08-22",342.59,249.33,177.54,22.3,47.09
"2011-08-23",359.09,259.67,193.55,22.99,50.2
"2011-08-24",361.57,261.91,193.73,23.15,50.64
"2011-08-25",359.2,260.28,192.03,22.85,49.61
"2011-08-26",368.68,263.69,199.27,23.48,52.08
"2011-08-29",374.82,269.81,206.53,24.03,54.44
"2011-08-30",374.84,270.62,210.92,24.39,54.76
"2011-08-31",369.88,270.75,215.23,24.74,55.18
"2011-09-01",366.23,266.52,212.54,24.37,55.6
"2011-09-02",359.52,262.68,210,23.99,52.95
"2011-09-06",364.99,261.35,216.18,23.72,51.82
"2011-09-07",369.02,267.28,219.9,24.18,54.62
"2011-09-08",369.22,267.75,217.26,24.38,53.33
"2011-09-09",362.82,262.69,211.39,23.94,51.09
"2011-09-12",365.18,265.33,216.56,24.08,51.77
"2011-09-13",369.68,265.03,219.53,24.21,51.77
"2011-09-14",374.18,266.3,222.57,24.64,52.29
"2011-09-15",377.7,271.55,226.78,25.1,52.39
"2011-09-16",384.94,273.61,239.3,25.22,51.78
"2011-09-19",395.64,273.61,241.69,25.3,50.81
"2011-09-20",397.39,273.59,233.25,25.09,49.42
"2011-09-21",396.13,269.87,231.87,24.17,46.71
"2011-09-22",386.21,260.59,223.23,23.3,43.93
"2011-09-23",388.59,263.02,223.61,23.3,43.17
"2011-09-26",387.51,266.21,229.85,23.66,44.84
"2011-09-27",383.75,269.94,224.21,23.87,43.99
"2011-09-28",381.59,264.68,229.71,23.79,41.65
"2011-09-29",375.4,264.01,222.44,23.67,41.95
"2011-09-30",366.51,257.78,216.23,23.15,39.29
"2011-10-03",360.05,248.01,211.98,22.81,36.18
"2011-10-04",358.03,251.2,212.5,23.56,38.38
"2011-10-05",363.56,252.6,219.5,24.08,41.44
"2011-10-06",362.71,257.61,221.51,24.49,40.9
"2011-10-07",355.43,257.82,224.74,24.41,40.62
"2011-10-10",373.71,268.85,231.32,25.05,43.29
"2011-10-11",384.74,271.86,235.48,25.11,44.12
"2011-10-12",386.57,274.52,236.81,25.07,45.03
"2011-10-13",392.56,279.77,236.15,25.27,45.04
"2011-10-14",405.61,296.14,246.71,25.36,46.96
"2011-10-17",403.68,291.5,242.33,25.09,44.31
"2011-10-18",405.84,295.55,243.88,25.4,46.47
"2011-10-19",383.14,290.64,231.53,25.23,45.32
"2011-10-20",379.95,292.13,233.61,25.14,45.89
"2011-10-21",377.61,295.54,234.78,25.26,46.51
"2011-10-24",390.01,298.51,237.61,25.28,48.06
"2011-10-25",382.32,291.87,227.15,24.93,47.49
"2011-10-26",385.04,293.45,198.4,24.73,49.59
"2011-10-27",388.97,299.63,206.78,25.34,54.5
"2011-10-28",389.22,300.37,217.32,25.09,55.06
"2011-10-31",389.06,296.62,213.51,24.76,51.47
"2011-11-01",381.11,289.61,212.1,24.17,48.68
"2011-11-02",381.97,292.7,215.62,24.19,50.03
"2011-11-03",387.41,299.05,218.29,24.67,52.64
"2011-11-04",384.69,298.37,216.48,24.41,53.03
"2011-11-07",384.2,304.47,217,24.92,53.15
"2011-11-08",390.45,306.48,217.99,25.26,54.2
"2011-11-09",379.93,300.78,211.22,24.36,50.18
"2011-11-10",370.26,297.84,210.79,24.44,51.92
"2011-11-11",369.68,304.48,217.39,25.02,53.63
"2011-11-14",364.53,306.81,218.93,24.88,52.76
"2011-11-15",373.73,308.59,217.83,25.05,53.42
"2011-11-16",369.82,306.04,211.99,24.43,53.61
"2011-11-17",362.75,300.74,204.52,23.93,52.46
"2011-11-18",360.38,297.74,197.14,23.7,52.81
"2011-11-21",354.68,290.76,189.25,23.42,51.91
"2011-11-22",361.88,290.29,192.34,23.23,52
"2011-11-23",352.73,285.34,188.99,22.93,48.98
"2011-11-25",349.45,281.78,182.4,22.77,49.13
"2011-11-28",361.51,294.39,194.15,23.3,52.35
"2011-11-29",358.7,291.76,188.39,23.27,51.21
"2011-11-30",367.35,299.99,192.29,23.97,55.2
"2011-12-01",372.86,307.19,197.13,23.69,56.06
"2011-12-02",374.56,310.49,196.03,23.63,56.51
"2011-12-05",377.74,313.14,196.24,24.08,57.36
"2011-12-06",375.76,312.2,191.99,24.04,57.91
"2011-12-07",373.98,312.01,195.32,23.98,57.75
"2011-12-08",375.48,308.33,190.48,23.8,56.95
"2011-12-09",378.33,314.02,193.03,24.08,58.71
"2011-12-12",376.62,313.01,189.52,23.9,56.25
"2011-12-13",373.71,313.13,180.51,24.13,55.55
"2011-12-14",365.42,309.34,180.21,23.98,52.46
"2011-12-15",364.22,310.08,181.26,23.95,52.21
"2011-12-16",366.22,313.29,181.26,24.36,54.06
"2011-12-19",367.36,311.23,179.33,23.92,52.76
"2011-12-20",380.57,315.5,182.52,24.39,56.27
"2011-12-21",381.05,313.22,174.35,24.13,55.94
"2011-12-22",383.07,315.17,179.03,24.18,56.4
"2011-12-23",387.66,316.89,177.28,24.39,57.18
"2011-12-27",390.74,320.45,176.27,24.4,57.23
"2011-12-28",387,320.17,173.89,24.19,55.8
"2011-12-29",389.38,321.52,173.86,24.38,56.46
"2011-12-30",389.27,323.27,173.1,24.32,56.56
"2012-01-03",395.26,333.04,179.03,25.08,59.88
"2012-01-04",397.38,334.47,177.51,25.67,60.64
"2012-01-05",401.79,329.83,177.61,25.93,61.09
"2012-01-06",405.99,325.34,182.61,26.34,61.65
"2012-01-09",405.35,311.54,178.56,25.99,62.31
"2012-01-10",406.8,311.88,179.34,26.08,63.12
"2012-01-11",406.14,313.29,178.9,25.97,60.27
"2012-01-12",405.02,315.14,175.93,26.23,57.47
"2012-01-13",403.5,312.81,178.42,26.47,56.7
"2012-01-17",408.2,314.6,181.66,26.48,55.57
"2012-01-18",412.44,316.77,189.44,26.45,59.11
"2012-01-19",411.13,320.11,194.45,26.35,59.01
"2012-01-20",403.97,293.29,190.93,27.84,57.7
"2012-01-23",410.81,293.05,186.09,27.85,58.52
"2012-01-24",404.08,290.76,187,27.49,59.63
"2012-01-25",429.31,285.03,187.8,27.7,61
"2012-01-26",427.36,284.33,193.32,27.64,58.88
"2012-01-27",429.91,290.28,195.37,27.39,58.7
"2012-01-30",435.41,289.13,192.15,27.74,58.46
"2012-01-31",438.75,290.35,194.44,27.67,59.8
"2012-02-01",438.47,290.71,179.46,28,59.6
"2012-02-02",437.44,292.85,181.72,28.06,59.9
"2012-02-03",441.82,298.46,187.68,28.33,59.71
"2012-02-06",445.95,304.85,183.14,28.29,59.07
"2012-02-07",450.62,303.69,184.19,28.44,59.09
"2012-02-08",458.16,305.23,185.48,28.73,58.91
"2012-02-09",474.01,306.04,184.98,28.83,58.09
"2012-02-10",474.25,303.26,185.54,28.58,57.44
"2012-02-13",483.08,306.41,191.59,28.65,57.54
"2012-02-14",489.67,305.19,191.3,28.53,57.33
"2012-02-15",478.34,303.08,184.47,28.34,57.08
"2012-02-16",482.7,303.56,179.93,29.51,58.52
"2012-02-17",482.61,302.62,182.5,29.47,61.4
"2012-02-21",494.85,307.31,182.26,29.65,60.43
"2012-02-22",493.11,304.27,180.58,29.49,61.22
"2012-02-23",496.33,303.36,178.89,29.58,60.83
"2012-02-24",502.12,305.26,179.13,29.69,60.85
"2012-02-27",505.34,304.96,178.53,29.57,60.31
"2012-02-28",514.61,309.5,183.8,30.06,59.54
"2012-02-29",521.37,309.43,179.69,29.93,59.47
"2012-03-01",523.32,311.51,180.04,30.45,60.52
"2012-03-02",524,310.94,179.3,30.25,58.96
"2012-03-05",512.45,307.43,180.26,29.99,57.7
"2012-03-06",509.66,302.78,181.09,29.76,56.13
"2012-03-07",510.08,303.7,183.77,30.03,57.33
"2012-03-08",520.94,303.87,187.64,30.19,58.63
"2012-03-09",523.99,300.43,184.32,30.17,59.04
"2012-03-12",530.56,302.88,183.39,30.22,57.44
"2012-03-13",546.03,309.2,184.59,30.81,58.31
"2012-03-14",566.68,308.3,182.26,30.9,57.06
"2012-03-15",562.81,310.88,184.43,30.98,56.86
"2012-03-16",562.82,312.83,185.05,30.74,57.55
"2012-03-19",577.75,317.31,185.52,30.37,57.37
"2012-03-20",582.42,317.06,192.33,30.17,56.11
"2012-03-21",579.1,320.31,191.73,30.09,54.99
"2012-03-22",576.06,323.35,192.4,30.18,53.17
"2012-03-23",572.9,321.62,195.04,30.19,53.87
"2012-03-26",583.4,324.99,202.87,30.73,53.36
"2012-03-27",590.61,323.83,205.44,30.67,52.92
"2012-03-28",593.63,328.21,201.16,30.36,51.59
"2012-03-29",586.17,324.53,204.61,30.29,50.84
"2012-03-30",576.26,320.94,202.51,30.42,52.34
"2012-04-02",594.6,323.78,198.05,30.45,53.32
"2012-04-03",604.87,321.63,199.66,30.12,53.14
"2012-04-04",600.06,317.89,193.99,29.43,52.07
"2012-04-05",609.06,316.48,194.39,29.73,51.91
"2012-04-09",611.52,315.74,191.87,29.33,52.02
"2012-04-10",604.03,313.74,186.98,28.74,50.52
"2012-04-11",601.87,318.3,187.97,28.62,50.65
"2012-04-12",598.58,325.83,190.69,29.22,52.76
"2012-04-13",581.72,312.61,188.46,29.06,50.67
"2012-04-16",557.59,303.34,185.5,29.31,49.88
"2012-04-17",586.02,305.09,188.39,29.65,51
"2012-04-18",584.71,304.03,191.07,29.37,50.86
"2012-04-19",564.62,299.95,191.1,29.24,50.77
"2012-04-20",550.72,298.33,189.98,30.57,49.97
"2012-04-23",549.49,299.1,188.24,30.29,50.35
"2012-04-24",538.52,300.94,190.33,30.1,51.2
"2012-04-25",586.3,305.17,194.42,30.37,52.95
"2012-04-26",584.09,308.04,195.99,30.28,51.3
"2012-04-27",579.58,307.8,226.85,30.16,49.47
"2012-04-30",561.29,302.73,231.9,30.2,49.86
"2012-05-01",559.52,302.52,230.04,30.19,50.29
"2012-05-02",563.22,303.93,230.25,29.99,49.3
"2012-05-03",559.22,305.82,229.45,29.95,47.81
"2012-05-04",543.29,298.78,223.99,29.22,46.06
"2012-05-07",547.36,304.08,225.16,28.91,46.21
"2012-05-08",546.11,306.7,223.9,28.76,46.19
"2012-05-09",547.07,304.88,222.98,29.01,45.59
"2012-05-10",548.36,307.14,226.69,28.99,45
"2012-05-11",544.7,302.92,227.68,29.39,44.64
"2012-05-14",536.54,302.3,222.93,28.93,43.76
"2012-05-15",531.68,305.86,224.39,28.68,42.62
"2012-05-16",524.87,314.78,224.06,28.38,42.2
"2012-05-17",509.53,311.84,218.36,28.21,42.32
"2012-05-18",509.78,300.5,213.85,27.78,42.24
"2012-05-21",539.48,307.36,218.11,28.24,43.91
"2012-05-22",535.33,300.7,215.33,28.25,44.27
"2012-05-23",548.4,305.04,217.28,27.63,45.25
"2012-05-24",543.36,302.13,215.24,27.6,44.53
"2012-05-25",540.45,296.06,212.89,27.59,44.94
"2012-05-29",550.04,297.47,214.75,28.06,45.77
"2012-05-30",556.67,294.41,209.23,27.85,44.68
"2012-05-31",555.29,290.72,212.91,27.71,44.02
"2012-06-01",539.2,285.78,208.22,27.01,43.07
"2012-06-04",542.37,289.58,214.57,27.1,43.84
"2012-06-05",540.97,285.49,213.21,27.06,44.79
"2012-06-06",549.26,290.58,217.64,27.86,45.95
"2012-06-07",549.51,289.4,218.8,27.75,45.71
"2012-06-08",557.78,290.52,218.48,28.15,44.79
"2012-06-11",548.98,284.53,216.5,27.43,43.4
"2012-06-12",553.78,282.83,216.42,27.8,44.27
"2012-06-13",549.93,280.83,214.73,27.65,42.42
"2012-06-14",549.33,279.8,214.45,27.85,42.4
"2012-06-15",551.83,282.54,218.35,28.5,43.26
"2012-06-18",563.03,285.71,222.66,28.33,43.4
"2012-06-19",564.59,291.06,224.03,29.14,44.88
"2012-06-20",562.99,289.04,223.02,29.36,44.31
"2012-06-21",555.23,282.89,220.57,28.61,41.09
"2012-06-22",559.49,286.03,222.16,29.14,40.65
"2012-06-25",548.6,280.63,220.07,28.35,38.23
"2012-06-26",549.81,282.62,225.61,28.5,38.07
"2012-06-27",552.18,284.93,225.62,28.64,39.63
"2012-06-28",546.94,282.44,221.31,28.39,40.35
"2012-06-29",561.31,290.33,228.35,29.04,42.25
"2012-07-02",569.5,290.53,229.32,29.01,42.01
"2012-07-03",576.13,294.21,229.53,29.2,44.45
"2012-07-05",586.25,298.26,227.06,29.14,43.48
"2012-07-06",582.34,293.28,225.05,28.66,42.75
"2012-07-09",590.04,293.3,225.05,28.48,42.24
"2012-07-10",584.58,291.14,219.5,28.23,41.08
"2012-07-11",580.95,285.88,218.37,27.81,42.14
"2012-07-12",575.64,285.53,215.36,27.18,41.45
"2012-07-13",581.47,288.55,218.39,27.9,41.97
"2012-07-16",583.33,287.75,216.01,27.95,41.77
"2012-07-17",583.36,288.65,216.93,28.16,43.15
"2012-07-18",582.71,290.67,217.47,28.91,44.37
"2012-07-19",590.46,296.83,226.17,29.11,44.45
"2012-07-20",580.83,305.72,228.29,28.59,44.3
"2012-07-23",580.37,308.06,226.01,27.79,43.96
"2012-07-24",577.58,304.09,223.04,27.67,42.99
"2012-07-25",552.63,304.3,217.05,27.37,42.03
"2012-07-26",552.55,306.99,220.01,27.68,44.47
"2012-07-27",562.43,317.8,237.32,28.25,47.21
"2012-07-30",571.92,316.47,236.09,28.14,46.69
"2012-07-31",587.03,316.8,233.3,27.97,45.18
"2012-08-01",583.24,316.66,232.09,27.92,45.67
"2012-08-02",584.18,314.69,230.81,27.71,44.78
"2012-08-03",591.78,320.99,234.97,28.24,45.66
"2012-08-06",598.37,321.73,233.99,28.43,46.1
"2012-08-07",596.79,320.59,236.56,28.72,46.84
"2012-08-08",595.78,321.44,234.38,28.79,46.59
"2012-08-09",599.18,321.5,234.06,28.95,47.45
"2012-08-10",600.12,321.32,232.75,28.88,48.51
"2012-08-13",608.13,330.34,232.44,28.85,47
"2012-08-14",609.76,334.66,233.19,28.79,46.69
"2012-08-15",608.93,334.1,237.42,28.86,46.3
"2012-08-16",614.25,336.77,241.55,29.41,47.23
"2012-08-17",625.61,338.91,241.17,29.53,47.98
"2012-08-20",642.06,338.11,240.35,29.37,47.89
"2012-08-21",633.28,335.09,239.45,29.43,47.35
"2012-08-22",645.65,338.93,243.1,29.18,46.82
"2012-08-23",639.62,338.74,241.2,28.92,45.72
"2012-08-24",640.19,339.65,245.74,29.2,45.61
"2012-08-27",652.22,334.94,243.92,29.33,45
"2012-08-28",651.37,338.96,246.11,29.27,44.69
"2012-08-29",650.09,344.35,247.12,29.29,43.96
"2012-08-30",640.82,341.18,246.22,28.97,43.68
"2012-08-31",642.14,342.89,248.27,29.45,44.41
"2012-09-04",651.54,340.86,247.88,29.04,43.08
"2012-09-05",646.96,340.7,246.22,29.04,43.08
"2012-09-06",652.79,350.05,251.38,29.96,44.56
"2012-09-07",656.82,353.43,259.14,29.57,46.71
"2012-09-10",639.73,350.74,257.09,29.35,45.68
"2012-09-11",637.66,346.44,255.67,29.42,47.02
"2012-09-12",646.54,345.79,255.63,29.41,46.99
"2012-09-13",659.27,353.37,260.24,29.56,48.64
"2012-09-14",667.28,355.2,261.27,29.82,50.1
"2012-09-17",675.48,355.35,258,29.82,48.45
"2012-09-18",677.54,359.5,258.75,29.79,47.98
"2012-09-19",677.72,364.11,261.68,29.67,47.77
"2012-09-20",674.44,364.42,260.81,30.05,47.6
"2012-09-21",675.78,367.36,257.47,29.8,47.83
"2012-09-24",666.81,375.07,254.8,29.41,46.92
"2012-09-25",650.16,374.95,252.46,29.04,45.41
"2012-09-26",642.09,377.11,249.67,28.83,45.18
"2012-09-27",657.67,378.63,256.59,28.82,46.65
"2012-09-28",643.94,377.63,254.32,28.44,46.33
"2012-10-01",636.5,381.27,252.01,28.18,45.63
"2012-10-02",638.35,378.87,250.6,28.34,45.92
"2012-10-03",648.14,381.63,255.92,28.53,44
"2012-10-04",643.65,384.41,260.47,28.7,45.1
"2012-10-05",629.93,384.21,258.51,28.52,45.78
"2012-10-08",616.01,379.3,259.06,28.46,45.32
"2012-10-09",613.77,372.42,250.96,27.98,47.24
"2012-10-10",618.66,372.65,244.99,27.69,46.38
"2012-10-11",606.29,376.12,244.22,27.66,46.96
"2012-10-12",607.85,372.75,242.36,27.9,48.26
"2012-10-15",612.72,370.86,244.18,28.2,48.95
"2012-10-16",627.23,372.72,243.94,28.18,49.9
"2012-10-17",622.23,378.12,247.49,28.27,50.1
"2012-10-18",610.68,347.85,244.85,28.19,50.14
"2012-10-19",588.67,341.24,240,27.37,48.82
"2012-10-22",612.02,339.67,233.78,26.76,49.06
"2012-10-23",592.06,340.52,234.31,26.8,47.85
"2012-10-24",595.41,338.99,228.49,26.66,47.34
"2012-10-25",588.38,339.22,222.92,26.64,47.71
"2012-10-26",583.03,337.91,238.24,26.96,46.79
"2012-10-31",574.65,340.49,232.89,27.27,46.51
"2012-11-01",575.83,344.14,232.14,28.21,48.27
"2012-11-02",556.77,344.3,232.42,28.19,46.37
"2012-11-05",564.32,341.82,234.33,28.31,47.43
"2012-11-06",562.61,341.2,237.56,28.53,48.01
"2012-11-07",541.09,333.89,232.06,27.79,45.79
"2012-11-08",521.45,326.47,227.35,27.53,44.52
"2012-11-09",530.48,331.85,226.31,27.55,44.68
"2012-11-12",526.38,333.28,226.47,26.97,45.43
"2012-11-13",526.44,329.85,226.6,26.1,45.62
"2012-11-14",520.61,326.6,222.95,25.86,44.89
"2012-11-15",509.69,323.95,220.6,25.68,47.61
"2012-11-16",511.69,323.91,225.23,25.55,48.65
"2012-11-19",548.58,334.44,229.71,25.75,50.32
"2012-11-20",543.91,335.32,233.78,25.73,49.83
"2012-11-21",544.67,333.27,238.03,25.96,49.71
"2012-11-23",554.18,334.32,239.88,26.69,50.28
"2012-11-26",571.66,330.91,243.62,26.39,49.41
"2012-11-27",567.06,335.69,243.4,26.09,48.83
"2012-11-28",565.27,342.18,247.11,26.36,49.37
"2012-11-29",571.5,346.29,251.27,25.96,50.08
"2012-11-30",567.54,349.53,252.05,25.65,50.87
"2012-12-03",568.42,347.97,250.33,25.46,51.31
"2012-12-04",558.4,345.86,252.49,25.41,52.8
"2012-12-05",522.46,344.25,253.96,25.69,53.58
"2012-12-06",530.65,345.91,253.37,25.75,53.37
"2012-12-07",517.09,342.45,253.27,25.49,54.05
"2012-12-10",513.76,343.05,247.77,25.95,54.08
"2012-12-11",524.98,348.79,250.69,26.32,53.82
"2012-12-12",522.66,349.13,251.76,26.24,53.25
"2012-12-13",513.64,351.7,251.25,26.12,52.79
"2012-12-14",494.34,351.33,249.19,25.83,52.3
"2012-12-17",503.1,360.75,253.86,26.11,52.92
"2012-12-18",517.72,360.9,260.4,26.55,54.8
"2012-12-19",510.36,360.42,257.99,26.31,54.82
"2012-12-20",505.92,361.54,261.5,26.67,55.53
"2012-12-21",503.59,358.17,256.92,26.45,54.99
"2012-12-24",504.4,355.11,258.62,26.07,54.57
"2012-12-26",497.45,354.79,248.63,25.88,54.33
"2012-12-27",499.45,353.5,248.31,25.97,53.97
"2012-12-28",494.14,350.36,245.18,25.58,53.17
"2012-12-31",516.04,354.04,250.87,25.73,54.58
"2013-01-02",532.39,361.99,257.31,26.61,55.6
"2013-01-03",525.67,362.2,258.48,26.25,55.54
"2013-01-04",511.03,369.35,259.15,25.76,56.19
"2013-01-07",508.02,367.74,268.46,25.71,55.6
"2013-01-08",509.39,367.02,266.38,25.58,55.14
"2013-01-09",501.43,369.43,266.35,25.72,56.29
"2013-01-10",507.64,371.11,265.34,25.49,57.37
"2013-01-11",504.53,370.37,267.94,25.85,57.05
"2013-01-14",486.54,361.99,272.73,25.91,56.56
"2013-01-15",471.19,362.83,271.9,26.21,57.54
"2013-01-16",490.75,357.95,268.93,26.05,57.65
"2013-01-17",487.44,356.02,270.48,26.25,58.18
"2013-01-18",484.85,352.61,272.12,26.25,59.45
"2013-01-22",489.47,351.79,270.19,26.16,59.62
"2013-01-23",498.43,371.12,268.11,26.6,59.72
"2013-01-24",436.85,377.48,273.46,26.62,60.35
"2013-01-25",426.55,377.21,283.99,26.86,60.61
"2013-01-28",436.2,375.74,276.04,26.89,60.66
"2013-01-29",444.38,377.22,260.35,26.98,60.99
"2013-01-30",442.98,377.29,272.76,26.83,61.72
"2013-01-31",441.68,378.22,265.5,26.45,62.7
"2013-02-01",439.87,388.19,265,26.91,63.08
"2013-02-04",428.91,379.89,259.98,26.44,62.13
"2013-02-05",443.96,383.25,266.89,26.49,62.65
"2013-02-06",443.49,385.47,262.22,26.34,62.8
"2013-02-07",456.67,387.36,260.23,26.28,62.67
"2013-02-08",463.27,393.08,261.95,26.54,62.75
"2013-02-11",468.1,391.6,257.21,26.84,63.21
"2013-02-12",456.36,390.74,258.7,26.86,63.75
"2013-02-13",455.49,391.82,269.47,27,64.15
"2013-02-14",455.08,394.3,269.24,27.01,66.28
"2013-02-15",448.81,396.84,265.09,26.98,66.25
"2013-02-19",448.65,403.83,269.75,27.25,66.36
"2013-02-20",437.78,396.63,266.41,27.07,64.08
"2013-02-21",435.06,398.16,265.94,26.7,62.78
"2013-02-22",439.69,400.26,265.42,26.97,64.02
"2013-02-25",431.88,395.78,259.87,26.59,62.06
"2013-02-26",437.9,395.46,259.36,26.59,63.06
"2013-02-27",433.61,400.29,263.25,27.01,63.88
"2013-02-28",430.52,401,264.27,27,64.72
"2013-03-01",419.86,403.5,265.74,27.15,64.56
"2013-03-04",409.69,411.16,273.11,27.34,62.52
"2013-03-05",420.51,419.72,275.59,27.54,63.44
"2013-03-06",415.16,416.11,273.79,27.29,63.19
"2013-03-07",419.96,416.72,273.88,27.33,63.49
"2013-03-08",421.07,416.18,274.19,27.2,62.79
"2013-03-11",427.07,417.83,271.24,27.07,62.27
"2013-03-12",417.87,414.22,274.13,27.11,62.31
"2013-03-13",417.79,413.07,275.1,27.12,61.83
"2013-03-14",421.84,411.18,265.74,27.33,63.89
"2013-03-15",432.72,407.56,261.82,27.24,64.72
"2013-03-18",444.48,404.3,257.89,27.3,61.14
"2013-03-19",443.28,406.07,256.41,27.37,59.86
"2013-03-20",440.93,407.76,257.28,27.51,59.26
"2013-03-21",441.57,406.04,253.39,27.31,59.03
"2013-03-22",450.52,405.56,257.75,27.44,59.16
"2013-03-25",452.15,405.23,256.02,27.35,58.85
"2013-03-26",449.77,406.62,260.31,27.35,59.72
"2013-03-27",440.93,401.73,265.3,27.56,59.54
"2013-03-28",431.74,397.49,266.49,27.79,59.29
"2013-04-01",418.33,401,261.61,27.79,58.42
"2013-04-02",419.19,406.93,263.32,27.98,58.5
"2013-04-03",421.34,403.5,259.03,27.74,57.63
"2013-04-04",417.17,397.93,259.08,27.78,57.83
"2013-04-05",412.76,391.92,255.48,27.88,59.5
"2013-04-08",415.7,387.81,258.95,27.77,59.93
"2013-04-09",416.45,389.21,261.14,28.76,60.39
"2013-04-10",424.95,395.49,264.77,29.41,61.91
"2013-04-11",423.62,395.59,269.85,28.11,61.15
"2013-04-12",419.2,395.42,272.87,27.97,59.92
"2013-04-15",409.5,391.36,267.72,27.87,56.38
"2013-04-16",415.73,397.08,272.34,28.14,57.34
"2013-04-17",392.87,391.67,267.4,28,54.94
"2013-04-18",382.38,383.34,259.42,27.97,56.01
"2013-04-19",380.9,400.34,260.32,28.92,55.95
"2013-04-22",388.84,400.46,263.55,29.95,57.42
"2013-04-23",396.12,404.35,268.9,29.72,58.15
"2013-04-24",395.46,407.13,268.78,30.85,59.3
"2013-04-25",398.31,404.95,274.7,31.03,58.19
"2013-04-26",406.91,401.11,254.81,30.88,56.64
"2013-04-29",419.51,409.94,249.74,31.68,56.88
"2013-04-30",431.86,412.7,253.81,32.15,57.26
"2013-05-01",428.46,410.63,248.23,31.78,56.74
"2013-05-02",434.53,415.22,252.55,32.21,58.41
"2013-05-03",438.88,423.28,258.05,32.53,60.31
"2013-05-06",449.35,431.21,255.72,32.78,60.82
"2013-05-07",447.35,429.04,257.73,32.36,61.14
"2013-05-08",452.4,437.25,258.68,32.05,61.26
"2013-05-09",448.46,436.18,260.16,31.73,61.5
"2013-05-10",444.72,440.56,263.63,31.75,61.01
"2013-05-13",446.46,439.2,264.51,32.08,60.64
"2013-05-14",435.78,443.99,268.33,32.8,60.82
"2013-05-15",421.04,458.4,266.56,33.11,60.69
"2013-05-16",426.67,452.39,264.12,33.34,61.65
"2013-05-17",425.37,455.05,269.9,34.11,64.02
"2013-05-20",434.87,454.72,267.63,34.32,64.13
"2013-05-21",431.66,453.94,268.86,34.09,63.35
"2013-05-22",433.32,445.16,262.96,33.86,61.09
"2013-05-23",434.09,441.84,261.8,33.41,60.79
"2013-05-24",437.05,437.1,261.74,33.52,61.7
"2013-05-28",433.4,441.08,267.29,34.26,62.44
"2013-05-29",436.85,434.59,265.53,34.12,62.8
"2013-05-30",443.36,435.82,266.83,34.27,61.95
"2013-05-31",441.54,436.05,269.2,34.14,60.45
"2013-06-03",442.52,434.25,266.88,34.81,61.42
"2013-06-04",441.13,429.98,265.7,34.23,61.5
"2013-06-05",437.01,430.28,267.17,34.02,61.35
"2013-06-06",430.48,432.75,267.83,34.2,61.24
"2013-06-07",433.77,440.31,276.87,34.89,62.78
"2013-06-10",430.9,445.56,281.07,34.7,62.99
"2013-06-11",429.63,440.35,274.78,34.08,61.08
"2013-06-12",424.32,436.43,271.67,34.24,59.7
"2013-06-13",428.02,438.94,275.79,33.96,60.62
"2013-06-14",422.22,437.96,273.99,33.65,59.55
"2013-06-17",424.14,443.57,278.06,34.24,62.18
"2013-06-18",423.91,450.76,281.76,34.22,62.7
"2013-06-19",415.3,450.79,278.16,33.84,61.95
"2013-06-20",409.25,442.81,273.44,32.76,59.95
"2013-06-21",405.97,440.91,273.36,32.54,60.4
"2013-06-24",395.21,435.33,270.61,32.98,60.52
"2013-06-25",395.3,433.53,272.09,32.94,62.33
"2013-06-26",390.82,437.26,277.57,33.6,61.62
"2013-06-27",386.61,438.97,277.55,33.87,61.4
"2013-06-28",389.31,440.63,277.69,33.79,61.15
"2013-07-01",401.77,444.38,282.1,33.61,62.43
"2013-07-02",410.87,441.6,283.73,33.2,62.71
"2013-07-03",413.14,443.66,284.03,33.27,62.49
"2013-07-05",409.82,447.19,285.88,33.46,64.11
"2013-07-08",407.49,453,290.59,33.58,64.47
"2013-07-09",414.66,453.07,291.53,33.6,64
"2013-07-10",413.07,453.45,292.33,33.94,63.24
"2013-07-11",419.51,460.58,299.66,34.91,63.38
"2013-07-12",418.75,461.96,307.55,34.89,64.11
"2013-07-15",419.66,462.81,306.57,35.38,63.9
"2013-07-16",422.37,460.27,306.87,35.48,63
"2013-07-17",422.48,459.73,308.69,34.96,63.85
"2013-07-18",423.9,455.8,304.11,34.67,65.12
"2013-07-19",417.21,448.75,305.23,30.72,65.98
"2013-07-22",418.55,455.81,303.48,31.31,65.6
"2013-07-23",411.36,452.35,301.06,31.13,65.45
"2013-07-24",432.49,451.9,298.94,31.26,64.56
"2013-07-25",430.52,444.29,303.4,30.71,65.17
"2013-07-26",432.96,443.12,312.01,30.93,63.38
"2013-07-29",439.64,441.58,306.1,30.85,62.11
"2013-07-30",445.07,445.91,302.41,31.16,61.82
"2013-07-31",444.29,444.32,301.22,31.15,61.88
"2013-08-01",448.37,452.56,305.57,30.98,63.51
"2013-08-02",454.12,453.74,304.21,31.19,64.22
"2013-08-05",460.9,452.95,300.99,31.01,64.91
"2013-08-06",456.78,448.73,300.75,30.89,64.99
"2013-08-07",456.52,445.77,296.91,31.36,65.88
"2013-08-08",455.61,446.78,295.74,32.17,66.45
"2013-08-09",449.12,445.65,297.26,31.99,66.49
"2013-08-12",461.88,443.2,296.69,32.15,65.89
"2013-08-13",483.83,441.07,293.97,31.75,66.35
"2013-08-14",492.66,435.34,291.34,31.87,65.59
"2013-08-15",492.07,430.26,286.47,31.32,64.61
"2013-08-16",496.44,428.88,284.82,31.33,63.88
"2013-08-19",501.79,433.26,285.57,30.92,63.15
"2013-08-20",495.2,433.14,287.09,31.15,64.06
"2013-08-21",496.47,435.1,284.57,31.14,63.03
"2013-08-22",497.07,437.29,289.73,31.91,63.67
"2013-08-23",495.15,435.54,290.01,34.23,63.79
"2013-08-26",497.08,433.63,286.21,33.64,63.2
"2013-08-27",482.86,425.5,280.93,32.76,62.36
"2013-08-28",485.15,424.7,281.58,32.53,63.29
"2013-08-29",485.94,428.14,283.98,33.05,62.41
"2013-08-30",481.51,423.87,280.98,32.9,62.18
"2013-09-03",482.85,430.62,288.8,31.4,62.06
"2013-09-04",492.85,436.25,293.64,30.73,63.09
"2013-09-05",489.47,440.22,294.1,30.76,63.62
"2013-09-06",492.38,440.23,295.86,30.69,63.49
"2013-09-09",500.24,444.47,299.71,31.19,64.85
"2013-09-10",488.84,444.78,300.36,31.91,65.22
"2013-09-11",462.23,448.54,299.64,32.25,66.21
"2013-09-12",467.15,446.98,298.86,32.2,65.66
"2013-09-13",459.45,444.98,297.92,32.54,68.05
"2013-09-16",444.84,444.32,296.06,32.31,67.98
"2013-09-17",449.98,443.5,304.17,32.44,68.07
"2013-09-18",459.23,452.11,312.03,32.82,68.7
"2013-09-19",466.76,449.64,312.06,33.14,69.86
"2013-09-20",461.93,452.01,316.34,32.3,69.37
"2013-09-23",484.89,443.69,311.49,32.25,68.47
"2013-09-24",483.37,443.86,314.13,31.97,67.87
"2013-09-25",475.89,439.05,312.65,32.03,68.1
"2013-09-26",480.52,439.52,318.12,32.28,68.53
"2013-09-27",477.09,438.63,316.01,32.77,68.13
"2013-09-30",471.16,438.39,312.64,32.78,68.01
"2013-10-01",482.24,443.94,320.95,33.08,69.96
"2013-10-02",483.82,444.44,320.51,33.41,70.93
"2013-10-03",477.74,438.48,314.76,33.36,71.63
"2013-10-04",477.37,436.61,319.04,33.37,72.7
"2013-10-07",482.03,433.3,310.03,32.8,71.11
"2013-10-08",475.3,427.26,303.23,32.52,70.85
"2013-10-09",480.89,428.36,298.23,32.58,70.15
"2013-10-10",483.9,434.55,305.17,33.26,72.18
"2013-10-11",487.03,436.43,310.89,33.62,72.98
"2013-10-14",490.23,438.49,310.7,33.94,74.09
"2013-10-15",492.84,441.45,306.4,33.98,73.57
"2013-10-16",495.24,449.46,310.49,34.12,74.24
"2013-10-17",498.59,444.84,310.77,34.4,74.81
"2013-10-18",502.93,506.21,328.93,34.44,75.72
"2013-10-21",515.25,502.15,326.44,34.47,75.45
"2013-10-22",513.78,504,332.54,34.06,75.85
"2013-10-23",518.81,516.22,326.76,33.26,73.98
"2013-10-24",525.68,513.29,332.21,33.22,74.85
"2013-10-25",519.8,508.11,363.39,35.2,75.53
"2013-10-28",523.67,508.01,358.16,35.04,76.12
"2013-10-29",510.62,518.64,362.7,34.99,77.59
"2013-10-30",518.75,515.73,361.08,35.01,76.46
"2013-10-31",516.57,515.81,364.03,34.88,76.5
"2013-11-01",513.94,514.03,359,35,76.38
"2013-11-04",520.58,513.57,358.74,35.4,76.79
"2013-11-05",519.29,511.27,358.89,36.09,76.72
"2013-11-06",517.82,511.89,356.18,37.61,76.6
"2013-11-07",509.44,504.48,343.56,36.94,74.64
"2013-11-08",517.46,508.52,350.31,37.22,76.96
"2013-11-11",515.96,505.8,354.38,37.03,77.32
"2013-11-12",516.92,506.4,349.53,36.8,75.68
"2013-11-13",517.53,516.75,356.22,37.59,76.41
"2013-11-14",525.02,518.13,367.4,37.45,77.51
"2013-11-15",521.87,517.3,369.17,37.28,78.71
"2013-11-18",515.54,516.29,366.18,36.65,78.24
"2013-11-19",516.46,513.11,364.94,36.47,77.99
"2013-11-20",511.94,511.67,362.57,36.8,78.29
"2013-11-21",518.04,517.55,368.92,37.12,78.44
"2013-11-22",516.71,516.46,372.31,37.29,78.41
"2013-11-25",520.62,523.49,376.64,37.36,76.69
"2013-11-26",530.23,529.73,381.37,37.07,78.16
"2013-11-27",542.71,532.09,386.71,37.32,76.8
"2013-11-29",552.76,530.33,393.62,37.85,76.45
"2013-12-02",547.95,527.77,392.3,38.16,77.5
"2013-12-03",562.95,527.16,384.66,38.02,79.1
"2013-12-04",561.64,529.62,385.96,38.65,80.4
"2013-12-05",564.52,529.2,384.49,37.72,79.66
"2013-12-06",556.69,535.47,386.95,38.07,79.26
"2013-12-09",563.06,539.61,384.89,38.42,78.93
"2013-12-10",562.18,542.87,387.78,37.83,78.78
"2013-12-11",558.02,539.18,382.19,37.33,77.86
"2013-12-12",557.2,535.52,381.25,36.94,79.24
"2013-12-13",551.13,530.93,384.24,36.42,78.96
"2013-12-16",554.18,537.03,388.97,36.62,80.68
"2013-12-17",551.69,535.47,387.65,36.25,80.27
"2013-12-18",547.49,542.92,395.96,36.31,80.94
"2013-12-19",541.22,543.65,395.19,35.98,81.09
"2013-12-20",545.75,550.86,402.2,36.53,81.45
"2013-12-23",566.7,558.11,402.92,36.35,80.95
"2013-12-24",564.29,556.48,399.2,36.8,82.44
"2013-12-26",560.54,559.29,404.39,37.16,82.55
"2013-12-27",556.76,559.76,398.08,37.01,83.36
"2013-12-30",551.22,555.29,393.37,37.01,83.43
"2013-12-31",557.68,560.92,398.79,37.13,83.48
"2014-01-02",549.84,557.12,397.97,36.88,81.67
"2014-01-03",537.76,553.05,396.44,36.64,82.46
"2014-01-06",540.69,559.22,393.63,35.86,81.37
"2014-01-07",536.83,570,398.03,36.14,82.99
"2014-01-08",540.23,571.19,401.92,35.49,83.85
"2014-01-09",533.33,565.69,401.01,35.27,84.32
"2014-01-10",529.77,565.66,397.66,35.77,84.94
"2014-01-13",532.54,562.05,390.98,34.72,83.11
"2014-01-14",543.14,575.28,397.54,35.51,84.61
"2014-01-15",554.04,574.88,395.87,36.49,84.38
"2014-01-16",550.95,578.69,395.8,36.62,84.29
"2014-01-17",537.45,575.84,399.61,36.11,85.04
"2014-01-21",545.8,582.43,407.05,35.9,86.63
"2014-01-22",548.23,583.09,404.54,35.66,87.46
"2014-01-23",552.87,580.63,399.87,35.79,86.61
"2014-01-24",542.82,562.48,387.6,36.54,85.4
"2014-01-27",547.22,551.17,386.28,35.76,85.2
"2014-01-28",503.49,562.07,394.43,36,85.75
"2014-01-29",497.77,554.01,384.2,36.39,84.52
"2014-01-30",496.81,568.26,403.01,36.59,87.08
"2014-01-31",497.62,591.08,358.69,37.56,87.42
"2014-02-03",498.55,567.28,346.15,36.21,85.66
"2014-02-04",505.76,569.65,347.95,36.08,84.44
"2014-02-05",509.54,572.17,346.45,35.55,84.31
"2014-02-06",512.51,580.56,354.59,35.91,86.25
"2014-02-07",519.68,589.31,361.08,36.29,86.55
"2014-02-10",528.99,587.05,360.87,36.53,85.12
"2014-02-11",535.96,595.69,361.79,36.89,87.46
"2014-02-12",535.92,593.94,349.25,37.19,87.61
"2014-02-13",544.43,600.55,357.2,37.33,89.66
"2014-02-14",543.99,602,357.35,37.34,90.59
"2014-02-18",545.99,606.05,353.65,37.42,93.03
"2014-02-19",537.37,601.77,347.38,37.51,93.93
"2014-02-20",531.15,602.66,349.8,37.75,94.66
"2014-02-21",525.25,602.5,346.76,37.98,94.34
"2014-02-24",527.55,606.86,351.78,37.69,96.4
"2014-02-25",522.06,610.61,358.32,37.54,97.19
"2014-02-26",517.35,610.7,359.8,37.47,96.27
"2014-02-27",527.67,610.22,360.13,37.86,96.91
"2014-02-28",526.24,608.43,362.1,38.31,98.75
"2014-03-03",527.76,601.95,359.78,37.78,98.42
"2014-03-04",531.24,608.06,363.9,38.41,99.04
"2014-03-05",532.36,609.74,372.37,38.11,99.19
"2014-03-06",530.75,610.42,372.16,38.15,100.82
"2014-03-07",530.44,608,372.06,37.9,100.5
"2014-03-10",530.92,606.39,370.53,37.82,100.34
"2014-03-11",536.09,600.6,368.82,38.02,98.45
"2014-03-12",536.61,604.25,370.64,38.27,98.4
"2014-03-13",530.65,595.13,371.51,37.89,96.51
"2014-03-14",524.69,586.99,373.74,37.7,97.95
"2014-03-17",526.74,596.65,375.04,38.05,101.1
"2014-03-18",531.4,606.24,378.77,39.55,102.5
"2014-03-19",531.26,600.23,373.23,39.27,102.84
"2014-03-20",528.7,599.18,368.97,40.33,104.19
"2014-03-21",532.87,592.11,360.62,40.16,106.64
"2014-03-24",539.19,579.54,351.85,40.5,105.61
"2014-03-25",544.99,579.94,354.71,40.34,107
"2014-03-26",539.78,566.55,343.41,39.79,106.18
"2014-03-27",537.46,557.7,338.47,39.36,105.88
"2014-03-28",536.86,560.64,338.29,40.3,107.7
"2014-03-31",536.74,557.81,336.37,40.99,107.56
