"Date","Target","Costco","Walmart","Walgreen","Safeway","SP500"
"2008-03-31",44.99,56.45,45.85,33.63,22.66,1322.7
"2008-04-01",47.29,57.77,47.07,34.37,23.07,1370.18
"2008-04-02",47.45,57.57,47.4,33.67,22.68,1367.53
"2008-04-03",47.28,58.1,47.81,33.72,22.5,1369.31
"2008-04-04",46.76,57.74,47.35,33.46,22.33,1370.4
"2008-04-07",46.85,57.61,47.2,33.59,22.23,1372.54
"2008-04-08",47.28,58.16,47.39,33.22,22.15,1365.54
"2008-04-09",46.47,57.37,47.12,32.59,22.11,1354.49
"2008-04-10",47.2,57.8,47.57,32.33,22.31,1360.55
"2008-04-11",46.14,57.09,47.69,31.86,21.85,1332.83
"2008-04-14",46.13,56.76,48,31.29,21.54,1328.32
"2008-04-15",46.65,57.1,48.97,31.45,21.69,1334.43
"2008-04-16",47.61,58.43,49.67,31.59,20.62,1364.71
"2008-04-17",47.42,59.51,49.32,31.55,21.48,1365.56
"2008-04-18",48.47,60.33,49.01,31.75,21.86,1390.33
"2008-04-21",48.43,60.05,49.07,31.6,21.63,1388.17
"2008-04-22",46.73,59.16,49.22,31.14,21.04,1375.94
"2008-04-23",46.5,60.48,49.54,31.49,21.69,1379.93
"2008-04-24",46.96,61.01,50,31.63,22.57,1388.82
"2008-04-25",47.92,62.16,50.17,31.33,22.42,1397.84
"2008-04-28",47.89,61.54,49.91,31.33,23.08,1396.37
"2008-04-29",48.03,61.69,51.01,31.44,24.43,1390.94
"2008-04-30",47.17,61.91,50.46,30.77,24.4,1385.59
"2008-05-01",48.15,62.56,50.54,31.51,24.56,1409.34
"2008-05-02",47.86,62.68,50.04,31.15,24.26,1413.9
"2008-05-05",47.22,62.94,49.58,31.26,24.26,1407.49
"2008-05-06",47.44,63.13,49.04,31.25,23.97,1418.26
"2008-05-07",47.44,62.63,49.46,31.2,24.01,1392.57
"2008-05-08",46.47,61.87,49.75,31.05,24.15,1397.68
"2008-05-09",46.38,62.07,49.77,30.89,23.66,1388.28
"2008-05-12",47.48,64.02,50.5,31.34,24.09,1403.58
"2008-05-13",47.28,64.28,49.3,31.31,24.06,1403.04
"2008-05-14",47.81,64.63,50.21,31.87,24.93,1408.66
"2008-05-15",48.92,64.83,49.92,32.28,24.81,1423.57
"2008-05-16",48.85,63.8,49.85,32.11,24.1,1425.35
"2008-05-19",48.88,62.79,49.29,32.03,24.16,1426.63
"2008-05-20",48.32,62.17,48.9,31.94,23.96,1413.4
"2008-05-21",47.06,60.42,48.27,31.23,23.6,1390.71
"2008-05-22",47.18,61.62,48.99,31.58,23.85,1394.35
"2008-05-23",46.32,62.1,48.73,31.06,23.57,1375.93
"2008-05-27",46.42,63.21,49.29,31.55,24.06,1385.35
"2008-05-28",46.57,63.78,49.9,31.5,24.18,1390.84
"2008-05-29",47.84,63.55,50.64,31.89,24.45,1398.26
"2008-05-30",47.49,62.1,50.46,31.89,24.6,1400.38
"2008-06-02",47.01,61.24,49.99,31.97,24.22,1385.67
"2008-06-03",48.95,60.99,50.49,32.17,24.26,1377.65
"2008-06-04",48.24,61.66,50.41,32.17,24.62,1377.2
"2008-06-05",48.62,64,52.27,32.49,25.21,1404.05
"2008-06-06",46.75,61.99,51.02,31.45,24.26,1360.68
"2008-06-09",46.68,62.11,52.06,31.53,24.13,1361.76
"2008-06-10",47.34,61.36,52.25,31.6,24.03,1358.44
"2008-06-11",45.94,59.97,51.15,31.27,23.45,1335.49
"2008-06-12",46.47,59.39,51.66,31.38,23.89,1339.87
"2008-06-13",47.65,61.23,51.72,32.1,23.96,1360.03
"2008-06-16",47.25,61.32,51.84,32.09,23.78,1360.14
"2008-06-17",46.68,60.89,51.3,31.63,23.31,1350.93
"2008-06-18",45.26,60.05,50.4,31.1,23.01,1337.81
"2008-06-19",46.11,61.16,50.42,31.37,23.35,1342.83
"2008-06-20",44.49,59.85,49.17,31.04,22.97,1317.93
"2008-06-23",43.38,59.6,49.5,30.72,22.31,1318
"2008-06-24",43.76,60.31,50.1,30.09,22.96,1314.29
"2008-06-25",44.4,61.73,50.8,30.05,23.54,1321.97
"2008-06-26",42.4,60.11,49.67,29.11,22.84,1283.15
"2008-06-27",42.61,61.18,49.21,29.19,22.75,1278.38
"2008-06-30",41.38,61.08,49.12,28.78,22.1,1280
"2008-07-01",42.3,63.18,49.84,28.71,22.39,1284.91
"2008-07-02",41.56,62.81,49.38,27.79,21.69,1261.52
"2008-07-03",41.74,62.9,49.47,27.84,22.25,1262.9
"2008-07-07",41.98,63.45,49.74,28.06,22.03,1252.31
"2008-07-08",43.32,65.01,51.66,28.23,22.34,1273.7
"2008-07-09",42.12,62.83,50.4,28.41,22.1,1244.69
"2008-07-10",39.95,61.7,50,29.47,22.89,1253.39
"2008-07-11",39.82,60.81,49.2,28.96,22.52,1239.49
"2008-07-14",39.09,60.58,49.22,28.77,22.18,1228.3
"2008-07-15",38.88,60.58,49.15,28.62,22.37,1214.91
"2008-07-16",41.1,63.2,49.78,29.66,23.23,1245.36
"2008-07-17",42.34,64.55,50.41,30.37,20.73,1260.32
"2008-07-18",41.72,62.9,50.62,30.26,19.84,1260.68
"2008-07-21",40.64,60.66,50.09,29.96,19.93,1260
"2008-07-22",40.91,62.7,51.62,30.44,20.34,1277
"2008-07-23",41.14,55.23,50.77,30.7,20.62,1282.19
"2008-07-24",39.95,54.84,49.79,29.9,20.12,1252.54
"2008-07-25",39.67,53.78,49.67,29.71,20.08,1257.76
"2008-07-28",39.13,52.55,48.96,29.37,20.07,1234.37
"2008-07-29",40.66,53.8,50.21,29.96,20.87,1263.2
"2008-07-30",40.85,54.86,51.18,30.23,20.71,1284.26
"2008-07-31",40.26,54.58,51.23,30.4,20.69,1267.38
"2008-08-01",39.77,54.16,50.47,30.04,20.76,1260.31
"2008-08-04",40.06,54.44,51.07,30.4,20.95,1249.01
"2008-08-05",42.71,56.28,52.74,31.4,22.04,1284.88
"2008-08-06",42.73,57.37,53.1,31.7,21.59,1289.19
"2008-08-07",40.73,57.46,49.78,31.2,21.25,1266.07
"2008-08-08",43.38,58.48,50.57,32.35,21.5,1296.32
"2008-08-11",45.6,58.58,51.18,32.51,21.74,1305.32
"2008-08-12",43.93,59.17,51.78,32.84,21.86,1289.59
"2008-08-13",42.79,58.44,50.79,32.67,21.63,1285.83
"2008-08-14",44.19,58.61,50.98,32.89,22,1292.93
"2008-08-15",45.75,59.36,52.1,32.99,21.62,1298.2
"2008-08-18",44.69,58.85,51.62,32.96,21,1278.6
"2008-08-19",44.39,58.02,51.07,32.31,20.86,1266.69
"2008-08-20",44.72,57.56,51.21,31.81,20.53,1274.54
"2008-08-21",45.59,57.83,51.34,32.17,19.87,1277.72
"2008-08-22",47.02,58.86,52.16,32.38,19.91,1292.2
"2008-08-25",46.31,58.01,51.38,31.57,19.68,1266.84
"2008-08-26",47.28,58.07,51.77,31.59,20.2,1271.51
"2008-08-27",47.19,58.23,52.03,31.33,20.08,1281.66
"2008-08-28",48.11,59.19,52.55,32.43,20.36,1300.68
"2008-08-29",47.34,58.54,51.84,32.35,20.39,1282.83
"2008-09-02",49.14,59.59,52.34,31.96,20.63,1277.58
"2008-09-03",49.12,59.65,52.47,31.89,21.06,1274.98
"2008-09-04",48.06,58.8,52.46,31.02,21.06,1236.83
"2008-09-05",49.13,59.74,53.3,30.71,20.25,1242.31
"2008-09-08",51.69,60.17,54.41,31.96,20.71,1267.79
"2008-09-09",50.2,59.91,53.64,31.28,20.42,1224.51
"2008-09-10",50.66,60.61,54.42,31.74,20.15,1232.04
"2008-09-11",51.45,61.43,55.43,32.56,20.5,1249.05
"2008-09-12",51.12,60.71,54.77,32.03,19.73,1251.7
"2008-09-15",49.46,60.19,54.08,30.43,19.01,1192.7
"2008-09-16",51.67,60.13,54.53,29.73,19.1,1213.6
"2008-09-17",47.85,57.06,52.34,28.38,18.68,1156.39
"2008-09-18",49.58,59.56,53.95,29.16,19.82,1206.51
"2008-09-19",47.61,57.69,52.39,29.27,19.73,1255.08
"2008-09-22",44.46,56.15,51.68,28.2,19.12,1207.09
"2008-09-23",44.2,56.01,51.25,27.84,18.92,1188.22
"2008-09-24",43.98,56.56,51.7,28.08,18.61,1185.87
"2008-09-25",44.84,57.6,52.76,28.53,19.01,1209.18
"2008-09-26",45.95,57.87,53.27,29.06,19.2,1213.27
"2008-09-29",42.28,55.17,51.29,27.53,18.28,1106.42
"2008-09-30",43.79,56.68,52.56,27.49,18.43,1166.36
"2008-10-01",42.18,56.47,52.35,26.41,18.62,1161.06
"2008-10-02",39.91,54.05,51.64,25.86,18.5,1114.28
"2008-10-03",38.98,54.65,52.41,24.83,17.52,1099.23
"2008-10-06",37.81,52.79,50.81,24.45,16.91,1056.89
"2008-10-07",35.59,50.46,48.12,23.74,17.75,996.23
"2008-10-08",36.87,49.81,47.87,23.25,18.4,984.94
"2008-10-09",33.51,47.49,45.1,22.45,17.31,909.92
"2008-10-10",33.04,47.05,44.71,20.62,15.88,899.22
"2008-10-13",36.44,51.96,47.83,21.83,17.19,1003.35
"2008-10-14",35.52,50.99,47.77,20.65,17.71,998.01
"2008-10-15",31.89,46.8,43.92,19.45,16.13,907.84
"2008-10-16",33.85,50.45,47.93,20.87,17.42,946.43
"2008-10-17",35.15,50.61,47.18,20.69,17.45,940.55
"2008-10-20",33.99,50.7,47.76,21.86,17.84,985.4
"2008-10-21",33.66,48.76,47.1,21.62,17.11,955.05
"2008-10-22",29.83,46.75,45.87,20.74,16.48,896.78
"2008-10-23",30.29,45.58,46.3,20.72,16.73,908.11
"2008-10-24",29.39,44.46,45.1,20.06,16.21,876.77
"2008-10-27",29.19,45.31,43.59,19,15.6,848.92
"2008-10-28",34.38,50.18,48.41,22.16,15.92,940.51
"2008-10-29",36.36,49.65,48.28,21.02,16.2,930.09
"2008-10-30",34.28,49.73,48.04,22.38,16.7,954.09
"2008-10-31",35.82,49.77,48.97,22.61,16.52,968.75
"2008-11-03",35.11,46.68,49.12,21.85,16.51,966.3
"2008-11-04",36.92,48.09,49.26,22.75,17.2,1005.75
"2008-11-05",33.7,46.89,47.5,21.72,16.78,952.77
"2008-11-06",31.67,46.71,46.94,20.85,17.11,904.88
"2008-11-07",32.61,47.2,47.73,21.2,17.51,930.99
"2008-11-10",32.4,46.27,48.42,20.95,17.16,919.21
"2008-11-11",32.01,45.64,48.04,20.99,16.77,898.95
"2008-11-12",29.71,42.71,46.18,20.42,16.02,852.3
"2008-11-13",31.54,43.76,48.2,21.91,17.24,911.29
"2008-11-14",29.49,42.08,46.25,20.91,16.31,873.29
"2008-11-17",28.29,41.43,45.46,20.21,16.14,850.75
"2008-11-18",26.98,40.94,46.26,21.19,16.12,859.12
"2008-11-19",24.19,39.64,44.75,20.53,15.54,806.58
"2008-11-20",25.13,39.39,44.46,20.39,13.92,752.44
"2008-11-21",25.2,40.9,46.44,20.67,14.39,800.03
"2008-11-24",27.32,43.3,46.31,21.53,15.34,851.81
"2008-11-25",28.72,44.37,47.98,21.25,16.05,857.39
"2008-11-26",31.52,45.05,49.75,21.92,16.67,887.68
"2008-11-28",30.3,45.07,49.04,22.08,16.93,896.24
"2008-12-01",26.51,41.95,46.52,20.58,16.23,816.21
"2008-12-02",28.29,43.87,46.9,21.1,16.26,848.81
"2008-12-03",30.94,45.03,47.72,21.43,16.94,870.74
"2008-12-04",30.55,46.19,48.36,21.83,16.65,845.22
"2008-12-05",31.37,48.67,51.08,23.15,18.41,876.07
"2008-12-08",34.39,48.33,50.51,23.49,18.35,909.7
"2008-12-09",34.08,46.5,48.97,23.13,17.12,888.67
"2008-12-10",34.86,47.01,48.48,23.51,17.7,899.24
"2008-12-11",33.7,45.59,48.29,23.38,17.73,873.59
"2008-12-12",32.16,46.76,48.15,23.33,17.73,879.73
"2008-12-15",31.13,46.18,48.22,23,17.97,868.57
"2008-12-16",32.43,46.43,48.68,23.63,18.42,913.18
"2008-12-17",32.06,47.23,48.64,22.96,18.29,904.42
"2008-12-18",31.79,47.42,48.83,22.97,18.11,885.28
"2008-12-19",30.89,47.1,49.13,23.27,18.06,887.88
"2008-12-22",29.42,46.16,49.35,22.29,17.66,871.63
"2008-12-23",28.67,45.07,48.73,21.49,17.67,863.16
"2008-12-24",29.03,45.26,48.86,21.51,17.31,868.15
"2008-12-26",28.93,45.07,48.78,21.25,17.39,872.8
"2008-12-29",29.07,44.51,48.57,21.1,17.39,869.42
"2008-12-30",30.11,44.77,48.52,21.36,18.18,890.64
"2008-12-31",30.99,45.97,49.41,22.01,18.53,903.25
"2009-01-02",31.08,46.71,50.39,22.8,18.75,931.8
"2009-01-05",32.43,45.79,49.81,23.95,18.76,927.45
"2009-01-06",34.2,45.05,49.37,23.83,17.88,934.7
"2009-01-07",33.21,43.89,48.95,24.12,18.34,906.65
"2009-01-08",33.67,44.35,45.28,23.95,18.36,909.73
"2009-01-09",31.77,43.03,45.46,23.33,18.09,890.35
"2009-01-12",31.51,43.28,45.29,23.11,18.04,870.26
"2009-01-13",31.35,42.85,45.93,23.26,17.95,871.79
"2009-01-14",30.24,41.71,45.44,23.32,17.83,842.62
"2009-01-15",31.34,42.44,45.26,24,17.81,843.74
"2009-01-16",31.43,42.73,45.44,24.01,18.33,850.12
"2009-01-20",29.21,41.35,44.56,23.15,17.85,805.22
"2009-01-21",30.64,41.94,43.31,23.49,18.23,840.24
"2009-01-22",30.44,41.55,43.07,23.91,18.07,827.5
"2009-01-23",29.97,41.13,42.61,24.03,18.02,831.95
"2009-01-26",29.75,41.46,42.83,23.91,18.39,836.57
"2009-01-27",29.92,41.94,43,24.09,18.31,845.71
"2009-01-28",31.34,41.86,42.95,24.89,18.41,874.09
"2009-01-29",29.34,40.67,42.18,24.89,17.89,845.14
"2009-01-30",28,39.43,41.53,24.46,16.71,825.88
"2009-02-02",27.1,39.67,41.04,24.11,16.74,825.44
"2009-02-03",28.81,40.38,42.14,24.76,16.89,838.51
"2009-02-04",28.12,37.63,40.91,24.09,16.25,832.23
"2009-02-05",28.98,38.38,42.8,24.6,16.15,845.85
"2009-02-06",29.63,39.59,43.74,25.13,16.61,868.6
"2009-02-09",29.37,39.55,43.43,24.98,17.08,869.89
"2009-02-10",28.08,38.5,42.06,24.13,15.98,827.16
"2009-02-11",28.49,38.26,42.51,23.99,16.19,833.74
"2009-02-12",27.68,38.95,42.42,24.08,16.13,835.19
"2009-02-13",26.99,37.58,41.01,23.41,16.18,826.84
"2009-02-17",26.59,37.02,42.52,22.81,15.52,789.17
"2009-02-18",26.56,37.24,44.07,22.97,15.63,788.42
"2009-02-19",26.97,37.46,44.46,23.14,15.86,778.94
"2009-02-20",26.84,37.58,44.08,22.47,16.29,770.05
"2009-02-23",25.65,36.18,43.08,21.63,15.66,743.33
"2009-02-24",25.11,37.39,44.08,21.84,15.99,773.14
"2009-02-25",24.89,36.91,43.37,21.08,16.47,764.9
"2009-02-26",25.1,36.52,42.52,20.88,14.32,752.83
"2009-02-27",25.54,37.21,43.4,21.38,14.42,735.09
"2009-03-02",24.69,35.89,42.34,20.82,14.25,700.82
"2009-03-03",23.41,35.76,41.76,20.4,14.03,696.33
"2009-03-04",24.51,35.87,42.74,20.41,14.3,712.87
"2009-03-05",23.74,34.77,43.85,19.57,13.91,682.55
"2009-03-06",23.14,34.26,43.11,19.79,13.67,683.38
"2009-03-09",22.89,33.78,41.87,19.27,13.44,676.53
"2009-03-10",24.55,35.28,42.89,20.25,14.26,719.6
"2009-03-11",24.27,34.77,42.06,20.29,14.34,721.36
"2009-03-12",25.71,35.91,43.38,20.99,14.87,750.74
"2009-03-13",27.04,37.09,43.6,21.4,15,756.55
"2009-03-16",26.01,37.02,43.25,21,15.23,753.89
"2009-03-17",27.47,38.65,44.31,21.77,15.4,778.12
"2009-03-18",28.49,39.07,44.7,21.52,15.4,794.35
"2009-03-19",28.36,39.65,44.27,21.55,15.32,784.04
"2009-03-20",27.38,39.4,43.95,21.77,15.24,768.54
"2009-03-23",29.85,41.78,45.63,23.82,16.04,822.92
"2009-03-24",29.83,40.74,45.27,23.64,16.07,806.12
"2009-03-25",29.98,41.14,45.8,24.04,16.24,813.88
"2009-03-26",31.52,42.59,46.76,23.8,16.71,832.86
"2009-03-27",30.83,41.66,46.59,23.65,16.23,815.94
"2009-03-30",30.03,40.65,45.87,23.29,15.79,787.53
"2009-03-31",31.03,40.71,46.18,23.26,15.8,797.87
"2009-04-01",31.02,40.73,46.81,23.75,16.17,811.08
"2009-04-02",32.54,42.25,47.54,24.54,16.31,834.38
"2009-04-03",33.09,42.98,47.68,24.11,16.58,842.5
"2009-04-06",31.98,41.96,47.35,24.13,16.21,835.48
"2009-04-07",31.61,40.77,46.43,24.55,15.69,815.55
"2009-04-08",33.92,41.92,46.63,24.84,16.27,825.16
"2009-04-09",35.99,41.22,44.9,25.97,15.81,856.56
"2009-04-13",36.29,40.79,45.67,26.14,15.76,858.73
"2009-04-14",35.25,39.85,45.31,25.9,15.44,841.5
"2009-04-15",34.77,40.13,45.46,26.02,15.62,852.06
"2009-04-16",35.95,40.63,45.01,27.23,16,865.3
"2009-04-17",36.58,40.22,44.49,26.9,16.13,869.6
"2009-04-20",34.29,38.97,43.67,26.97,15.8,832.39
"2009-04-21",34.95,40.83,44.16,27.44,15.87,850.08
"2009-04-22",35.4,41.37,43.39,26.76,16.02,843.55
"2009-04-23",34.91,41.16,43.3,26.3,15.71,851.92
"2009-04-24",36.16,42.33,42.43,26.51,15.77,866.23
"2009-04-27",35.54,41.87,42.99,26.21,16.17,857.51
"2009-04-28",35.75,41.37,42.96,26.88,16.13,855.16
"2009-04-29",36.32,41.89,44.71,27.9,16.66,873.64
"2009-04-30",37.23,42.71,44.67,28.16,15.46,872.81
"2009-05-01",36.13,41.91,44.36,28.25,15.26,877.52
"2009-05-04",36.59,41.93,45.06,28.24,15.76,907.24
"2009-05-05",37.23,41.88,44.72,28.15,15.87,903.8
"2009-05-06",37.42,41.19,43.88,27.97,15.61,919.53
"2009-05-07",38.5,40.36,44.22,27.35,15.37,907.39
"2009-05-08",39.51,40.95,44.44,28.13,15.22,929.23
"2009-05-11",38.55,40.44,44.87,27.88,15.09,909.24
"2009-05-12",38.37,41.23,45.11,28.17,15.03,908.35
"2009-05-13",36.51,40.27,44.58,27.02,15.15,883.92
"2009-05-14",36.52,39.52,43.75,27.01,15.33,893.07
"2009-05-15",36.42,39.48,42.91,26.68,15.05,882.88
"2009-05-18",37.84,40.66,44.48,27.51,15.37,909.71
"2009-05-19",37.99,41.65,43.98,27.49,15.28,908.13
"2009-05-20",38.9,43.03,43.61,27.13,15.27,903.47
"2009-05-21",37.68,42.62,43.76,26.77,15.57,888.33
"2009-05-22",36.9,42.61,43.89,26.59,15.69,887
"2009-05-26",37.14,43.35,44.55,27.65,15.63,910.33
"2009-05-27",35.87,43.08,43.95,27.1,15.37,893.06
"2009-05-28",35.45,42.32,44.15,27.17,15.72,906.83
"2009-05-29",35.6,42.81,44.32,26.79,15.86,919.14
"2009-06-01",37.75,43.85,45.08,28.01,16.51,942.87
"2009-06-02",37.39,43.63,44.49,28.44,16.28,944.74
"2009-06-03",37.11,42.76,45.34,28.13,16.16,931.76
"2009-06-04",37.09,42.23,45.33,27.82,16.23,942.46
"2009-06-05",36.68,42.03,45.51,27.73,16.13,940.09
"2009-06-08",37.12,41.93,45.28,28.15,16,939.14
"2009-06-09",37.27,41.58,45.1,27.98,16.64,942.43
"2009-06-10",36.57,41.1,44.61,27.87,16.48,939.15
"2009-06-11",35.83,40.82,43.95,27.82,16.42,944.89
"2009-06-12",36.58,41.49,44.41,28.04,16.64,946.21
"2009-06-15",36.33,40.87,43.18,27.4,16.09,923.72
"2009-06-16",34.98,40.54,42.99,27.33,16.18,911.97
"2009-06-17",35.37,41.1,43.27,27.61,16.07,910.71
"2009-06-18",35.33,40.79,43.38,28.53,16.45,918.37
"2009-06-19",35.85,40.68,42.92,28.27,16.38,921.23
"2009-06-22",35.75,40.01,43.3,26.66,16.31,893.04
"2009-06-23",34.71,39.76,43.08,26.67,16.45,895.1
"2009-06-24",35.04,39.73,43.23,26.98,16.45,900.94
"2009-06-25",36.51,40.83,43.8,26.98,16.35,920.26
"2009-06-26",35.84,40.94,43.33,26.8,16.06,918.9
"2009-06-29",35.92,40.76,43.45,26.88,16.16,927.23
"2009-06-30",35.75,40.39,43.16,26.44,16.02,919.32
"2009-07-01",35.05,40.4,43.1,26.39,15.96,923.33
"2009-07-02",33.92,39.38,42.58,25.81,15.35,896.42
"2009-07-06",34.06,40.32,42.53,26.54,15.61,898.72
"2009-07-07",33.29,39.29,42.63,25.96,15.33,881.03
"2009-07-08",33.75,40.6,43.1,26.76,15.4,879.56
"2009-07-09",34.78,40.14,42.84,26.42,15.3,882.68
"2009-07-10",34.24,39.67,42.39,25.94,15.23,879.13
"2009-07-13",34.73,39.67,42.62,26.37,15.49,901.05
"2009-07-14",34.94,39.73,42.89,26.44,15.57,905.84
"2009-07-15",36.03,41.38,43.26,26.97,15.75,932.68
"2009-07-16",35.84,41.9,43.23,26.43,15.74,940.74
"2009-07-17",35.83,41.89,43.21,26.82,15.49,940.38
"2009-07-20",36.18,42.76,43.5,27.04,15.57,951.13
"2009-07-21",36.29,42.68,43.54,26.94,15.5,954.58
"2009-07-22",37.29,43.07,43.81,26.8,15.68,954.07
"2009-07-23",38.26,42.88,43.45,26.75,14.43,976.29
"2009-07-24",38.69,43.34,43.61,27.36,14.66,979.26
"2009-07-27",38.82,42.95,43.64,27.31,14.72,982.18
"2009-07-28",39.14,43.09,43.59,27.21,14.83,979.62
"2009-07-29",39.48,43.03,43.99,27.66,14.86,975.15
"2009-07-30",39.49,43.45,44.54,27.89,15.02,986.75
"2009-07-31",39.51,43.67,44.45,27.93,14.89,987.48
"2009-08-03",38.99,44.11,44.41,27.96,14.97,1002.63
"2009-08-04",38.2,43.65,44.42,27.33,14.66,1005.65
"2009-08-05",37.87,43.28,43.84,27.21,14.64,1002.72
"2009-08-06",37.78,43.01,43.64,27.46,14.65,997.08
"2009-08-07",38.89,44.2,43.92,27.63,14.57,1010.48
"2009-08-10",38.03,43.58,44.3,27.63,14.82,1007.1
"2009-08-11",38.23,43.16,44.59,27.65,15,994.35
"2009-08-12",38.51,43.52,45.26,28.17,15.09,1005.81
"2009-08-13",38.26,43.28,46.48,28.64,14.94,1012.73
"2009-08-14",38.07,43.06,46.4,28.44,14.77,1004.09
"2009-08-17",37.48,42.03,46.2,27.49,14.79,979.73
"2009-08-18",40.31,41.97,46.02,27.72,14.68,989.67
"2009-08-19",40.98,42.45,46.29,27.96,14.76,996.46
"2009-08-20",41.18,42.42,46.33,27.91,14.83,1007.37
"2009-08-21",41.53,43,46.02,28.57,15.11,1026.13
"2009-08-24",41.09,42.61,46.19,28.38,14.87,1025.57
"2009-08-25",42.27,43.94,46.29,29.4,15.14,1028
"2009-08-26",43.13,44.48,46.41,30.18,15.35,1028.12
"2009-08-27",43.01,45.43,45.91,30.4,15.39,1030.98
"2009-08-28",43.1,45.84,45.81,30.43,15.31,1028.93
"2009-08-31",42.75,45.14,45.58,30.61,14.98,1020.62
"2009-09-01",42.37,44.85,45.67,30.75,14.93,998.04
"2009-09-02",42.09,44.85,45.62,30.54,14.99,994.75
"2009-09-03",42.81,48.69,46.36,30.31,15.1,1003.24
"2009-09-04",42.86,49.12,46.3,30.57,15.37,1016.4
"2009-09-08",43.03,50.23,46.05,30.7,15.39,1025.39
"2009-09-09",43.34,50.53,45.79,30.63,15.55,1033.37
"2009-09-10",43.81,50.39,45.72,30.89,15.65,1044.14
"2009-09-11",43.61,50.3,45.44,30.79,15.74,1042.73
"2009-09-14",43.13,50.46,45.14,30.93,15.89,1049.34
"2009-09-15",43.21,50.31,44.74,30.77,15.32,1052.63
"2009-09-16",44.09,51.09,44.83,31.27,15.18,1068.76
"2009-09-17",44.27,51.32,44.76,31,15.1,1065.49
"2009-09-18",44.38,50.96,44.9,31.17,15.35,1068.3
"2009-09-21",44.42,51.87,45.61,31.2,15.27,1064.66
"2009-09-22",43.81,51.71,45.69,31.28,15.39,1071.66
"2009-09-23",43.26,51.34,45.16,30.93,15.17,1060.87
"2009-09-24",43.34,50.85,45.43,30.4,15.18,1050.78
"2009-09-25",42.1,49.83,44.32,30.43,15.41,1044.38
"2009-09-28",43.4,50.08,44.35,30.89,15.62,1062.98
"2009-09-29",43,50.02,44.11,33.74,15.66,1060.61
"2009-09-30",42.46,49.92,43.98,33.85,15.59,1057.08
"2009-10-01",42.36,49.31,43.9,34.5,15.44,1029.85
"2009-10-02",41.86,50,43.97,34.37,15.63,1025.21
"2009-10-05",42.69,50.37,43.96,34.52,15.73,1040.46
"2009-10-06",43.74,51.3,44.33,34.61,16.07,1054.72
"2009-10-07",44.12,52.24,44.34,35.34,16.26,1057.58
"2009-10-08",44.88,51.92,44.57,35.81,16.48,1065.48
"2009-10-09",45.38,51.92,44.77,35.64,16.86,1071.49
"2009-10-12",45.11,51.38,44.45,35.21,16.84,1076.19
"2009-10-13",45.57,51.78,45.1,34.57,16.6,1073.19
"2009-10-14",46.71,52.04,44.97,35.01,16.94,1092.02
"2009-10-15",45.86,52.22,45.65,35.98,18.05,1096.56
"2009-10-16",45.55,51.78,45.89,36.47,18.43,1087.68
"2009-10-19",45.83,52.45,46.49,36.47,18.49,1097.91
"2009-10-20",45.45,52.32,46.32,36.19,18.35,1091.06
"2009-10-21",44.48,51.26,45.36,35.62,17.59,1081.4
"2009-10-22",45.01,51.75,45.23,35.68,18,1092.91
"2009-10-23",44.6,51.35,45.19,35.28,17.71,1079.6
"2009-10-26",44.46,51.2,44.65,35.14,17.9,1066.95
"2009-10-27",44.07,50.76,44.68,34.06,17.8,1063.41
"2009-10-28",43.88,50.38,44.71,33.51,17.65,1042.63
"2009-10-29",45.05,51.44,45.16,34.69,17.99,1066.11
"2009-10-30",44.05,50.49,44.51,34.18,17.65,1036.19
"2009-11-02",44.88,51.29,45.05,34.97,17.76,1042.88
"2009-11-03",44.8,51.2,44.71,34.73,17.86,1045.41
"2009-11-04",44.81,52.23,45.14,35.67,17.67,1046.5
"2009-11-05",45.21,52.77,45.94,36.2,17.93,1066.63
"2009-11-06",45.21,52.77,45.92,35.75,18.06,1069.3
"2009-11-09",45.89,53.68,46.59,36.17,18.42,1093.08
"2009-11-10",45.92,53.33,46.87,35.77,18.36,1093.01
"2009-11-11",45.58,53.65,47.46,35.56,18.45,1098.51
"2009-11-12",44.51,53.4,47.7,35.47,18.19,1087.24
"2009-11-13",44.56,53.71,47.67,35.7,18.34,1093.48
"2009-11-16",45.74,54.29,47.63,35.72,18.38,1109.3
"2009-11-17",44.36,53.84,48.08,35.67,18.24,1110.32
"2009-11-18",43.69,53.97,48.52,35.41,17.98,1109.8
"2009-11-19",43.72,53.72,48.87,35.38,17.79,1094.9
"2009-11-20",43.32,53.34,48.63,35.33,17.88,1091.38
"2009-11-23",43.14,53.8,48.99,35.74,18.01,1106.24
"2009-11-24",43.32,53.74,49.14,35.72,17.85,1105.65
"2009-11-25",43.66,54.08,49.24,35.57,17.94,1110.63
"2009-11-27",43.54,53.32,48.95,35.37,17.74,1091.49
"2009-11-30",42.5,53.21,48.87,35.26,17.79,1095.63
"2009-12-01",42.7,53.94,49.05,35.69,17.99,1108.86
"2009-12-02",43.56,54.06,48.89,34.63,17.77,1109.24
"2009-12-03",42.31,52.42,48.78,34.27,17.4,1099.92
"2009-12-04",41.66,52.57,48.6,34.32,17.63,1105.98
"2009-12-07",42.3,52.71,49.22,34.16,17.73,1103.25
"2009-12-08",41.87,52.18,48.75,33.62,16.53,1091.94
"2009-12-09",41.35,52.1,48.69,34.66,16.73,1095.95
"2009-12-10",41.98,52.19,49.25,34.76,16.92,1102.35
"2009-12-11",42.84,52.69,49.21,35.18,17.18,1106.41
"2009-12-14",43.67,52.82,48.69,34.64,17.13,1114.11
"2009-12-15",43.5,52.38,48.61,34.32,16.85,1107.93
"2009-12-16",43.34,52.2,48.01,34.67,16.94,1109.18
"2009-12-17",43.36,51.34,47.51,33.82,16.7,1096.08
"2009-12-18",44.03,51.9,47.59,33.22,16.52,1102.47
"2009-12-21",45.03,52.64,48.09,33.19,16.73,1114.05
"2009-12-22",44.53,52.91,48.03,33.52,16.96,1118.02
"2009-12-23",44.59,53.35,48.01,33.94,16.93,1120.59
"2009-12-24",44.41,53.65,48.27,33.98,17.15,1126.48
"2009-12-28",44.22,53.79,48.61,33.82,17.15,1127.78
"2009-12-29",44.34,53.52,48.73,33.75,17.04,1126.2
"2009-12-30",44.45,53.34,48.9,33.66,17.12,1126.42
"2009-12-31",44.15,52.55,48.13,33.29,16.91,1115.1
"2010-01-04",44.31,52.77,48.83,33.82,17.06,1132.99
"2010-01-05",44.48,52.61,48.35,33.54,16.92,1136.52
"2010-01-06",45.33,53.29,48.24,33.29,16.94,1137.14
"2010-01-07",45.88,53.03,48.27,33.49,16.74,1141.69
"2010-01-08",45.7,52.65,48.02,33.53,16.79,1144.98
"2010-01-11",45.8,52.71,48.82,33.59,16.92,1146.98
"2010-01-12",45.04,52.43,49.28,33.31,17.14,1136.22
"2010-01-13",45.04,52.76,49.54,33.62,17.2,1145.68
"2010-01-14",45.73,52.15,48.82,33.64,17.01,1148.46
"2010-01-15",45.79,52.22,48.34,33.18,16.93,1136.03
"2010-01-19",46.73,52.36,48.65,33.31,17.38,1150.23
"2010-01-20",46.29,51.75,48.5,33.5,18.33,1138.04
"2010-01-21",45.84,51.09,47.65,33.04,18.04,1116.48
"2010-01-22",45.98,50.69,47.67,32.63,18.06,1091.76
"2010-01-25",46.34,51.11,47.62,33.24,17.95,1096.78
"2010-01-26",47.48,51.45,48.27,32.79,17.71,1092.17
"2010-01-27",47.43,51.1,48.09,33.27,17.77,1097.5
"2010-01-28",47.38,50.94,47.37,33,17.99,1084.53
"2010-01-29",46.8,51.01,48.11,32.68,17.83,1073.87
"2010-02-01",46.63,51.43,48.16,32.98,17.98,1089.19
"2010-02-02",46.39,52.2,48.17,33.34,18.1,1103.32
"2010-02-03",46.19,51.89,48.87,31.39,17.99,1097.28
"2010-02-04",44.79,51.98,47.7,30.33,17.52,1063.11
"2010-02-05",45,52.03,48.13,30.2,17.52,1066.19
"2010-02-08",44.52,51.64,47.66,30.18,17.46,1056.74
"2010-02-09",44.85,52.19,47.95,30.47,17.66,1070.52
"2010-02-10",44.68,52.7,47.94,30.19,17.68,1068.13
"2010-02-11",44.87,53.16,47.8,30.46,17.98,1078.47
"2010-02-12",44.4,52.81,47.64,30.36,17.8,1075.51
"2010-02-16",45.72,54.05,48.23,31.02,18.09,1094.87
"2010-02-17",46.34,54.39,48.68,31.12,18.43,1099.51
"2010-02-18",46.47,54.31,48.15,31.58,18.63,1106.75
"2010-02-19",46.46,54.47,48.17,31.73,18.9,1109.17
"2010-02-22",46.38,54.16,48.47,31.63,18.9,1108.01
"2010-02-23",45.85,53.91,48.28,31.64,18.57,1094.6
"2010-02-24",46.7,54.22,48.55,32.32,18.67,1105.24
"2010-02-25",46.66,54.7,48.76,32.79,19.64,1102.94
"2010-02-26",47.19,54.32,48.69,32.08,19.8,1104.49
"2010-03-01",47.84,54.92,48.54,32.24,19.85,1115.71
"2010-03-02",47.32,54.68,48.26,32.08,19.76,1118.31
"2010-03-03",47.33,54.06,48.32,32.19,19.43,1118.79
"2010-03-04",48.49,54.17,48.59,31.86,19.56,1122.97
"2010-03-05",48.99,54.06,48.75,31.85,19.6,1138.7
"2010-03-08",48.98,54.05,48.76,31.63,19.64,1138.5
"2010-03-09",48.41,53.57,48.68,31.31,19.49,1140.45
"2010-03-10",48.21,53.31,48.57,31.2,19.45,1145.61
"2010-03-11",48.37,53.37,48.87,30.9,19.46,1150.24
"2010-03-12",48.61,53.61,48.81,30.89,19.72,1149.99
"2010-03-15",48.97,53.94,50.19,31.11,19.77,1150.51
"2010-03-16",48.94,54.27,50.7,31.42,19.88,1159.46
"2010-03-17",48.71,54.64,50.64,31.39,20.12,1166.21
"2010-03-18",48.58,54.59,50.66,31.7,19.58,1165.83
"2010-03-19",48.82,54.1,50.11,31.43,19.1,1159.9
"2010-03-22",49.35,54.24,50.37,32.16,19.3,1165.81
"2010-03-23",49.36,54.13,50.61,32.69,19.5,1174.17
"2010-03-24",48.88,53.52,50.33,32.23,19.35,1167.72
"2010-03-25",48.95,53.5,50.36,33.07,19.44,1165.73
"2010-03-26",49.8,53.57,50.27,33.49,19.49,1166.59
"2010-03-29",49.42,53.58,50.48,34.13,19.81,1173.22
"2010-03-30",49.22,53.61,50.63,34.06,19.85,1173.27
"2010-03-31",48.17,53.2,50.35,33.76,19.83,1169.43
"2010-04-01",48.66,53.58,50.25,34.37,20.21,1178.1
"2010-04-05",49.24,54.19,50.25,34.44,20.4,1187.44
"2010-04-06",49.54,55,50.29,34.05,20.34,1189.44
"2010-04-07",49.47,54.99,50.06,33.49,20.35,1182.45
"2010-04-08",50.96,54.33,50.15,33.55,20.28,1186.44
"2010-04-09",50.99,54.53,49.87,33.75,20.35,1194.37
"2010-04-12",51.27,53.77,49.82,33.52,20.49,1196.48
"2010-04-13",51.71,53.36,49.55,33.51,20.75,1197.3
"2010-04-14",51.97,53.12,49.48,33.48,21.01,1210.65
"2010-04-15",51.84,52.59,49.02,33.24,21.08,1211.67
"2010-04-16",51.28,52.73,49,32.64,21.01,1192.13
"2010-04-19",51.35,52.98,49.25,32.89,20.91,1197.52
"2010-04-20",51.42,53,49.37,32.83,21.13,1207.17
"2010-04-21",52.14,53.02,49.33,32.65,21.38,1205.94
"2010-04-22",52.75,53.65,49.34,32.83,21.49,1208.67
"2010-04-23",53.07,53.63,49.38,32.64,21.35,1217.28
"2010-04-26",53.17,53.52,48.94,32.49,21.22,1212.05
"2010-04-27",51.9,52.72,48.94,31.77,20.13,1183.71
"2010-04-28",51.85,52.43,48.55,32.04,20.28,1191.36
"2010-04-29",52.52,52.88,48.63,32.65,19.07,1206.78
"2010-04-30",52.09,52.63,48.57,32,18.82,1186.69
"2010-05-03",52.2,52.84,48.66,32.43,19.12,1202.26
"2010-05-04",50.9,53.35,48.92,31.98,19.11,1173.6
"2010-05-05",51.34,53.96,49.6,32.53,19.38,1165.87
"2010-05-06",50.39,51.88,48.2,31.55,18.83,1128.15
"2010-05-07",49.73,51.23,47.45,31.74,18.59,1110.88
"2010-05-10",51.9,51.42,47.61,32.38,19.05,1159.73
"2010-05-11",51.54,51.8,47.51,32.93,19.14,1155.79
"2010-05-12",52.32,51.74,47.8,33.29,19.28,1171.67
"2010-05-13",50.44,51.56,47.73,32.64,18.95,1157.44
"2010-05-14",50.53,51.62,47.47,32.21,18.62,1135.68
"2010-05-17",51.33,52.16,48.03,32.51,18.87,1136.94
"2010-05-18",49.81,51.65,48.92,32.17,18.81,1120.8
"2010-05-19",49.63,51.64,48.31,31.81,18.9,1115.05
"2010-05-20",48.49,50.59,46.72,29.89,18.05,1071.59
"2010-05-21",49.93,51.35,46.79,30.25,18.17,1087.69
"2010-05-24",49.87,50.74,46.45,29.92,17.86,1073.65
"2010-05-25",50.14,50.51,45.8,30.08,17.8,1074.03
"2010-05-26",49.23,50.04,45.56,29.17,17.44,1067.95
"2010-05-27",50.81,52.51,46.18,29.55,17.72,1103.06
"2010-05-28",50.09,52.07,46.05,29.28,17.66,1089.41
"2010-06-01",49.52,51.83,46.38,29.26,17.66,1070.71
"2010-06-02",49.95,52.7,47.11,29.99,17.75,1098.38
"2010-06-03",50.05,51.79,47.11,29.56,17.7,1102.83
"2010-06-04",48.5,50.21,45.91,28.18,16.99,1064.88
"2010-06-07",47.77,49.93,46.21,27.42,16.89,1050.47
"2010-06-08",48.16,50.65,46.25,27.97,16.67,1062
"2010-06-09",48.11,51.31,46.44,27.26,16.45,1055.69
"2010-06-10",49.25,51.54,46.65,27.38,16.67,1086.84
"2010-06-11",49.34,51.42,46.32,26.94,16.62,1091.6
"2010-06-14",49.65,51.42,46.67,27,16.71,1089.63
"2010-06-15",50.16,52.89,47.03,27.58,17.02,1115.23
"2010-06-16",49.77,52.15,46.43,26.72,16.97,1114.61
"2010-06-17",49.72,52.37,46.83,26.75,17.27,1116.04
"2010-06-18",49.3,52.04,46.95,27.5,16.62,1117.51
"2010-06-21",48.59,51.65,46.47,27.54,16.25,1113.2
"2010-06-22",48.03,51.5,46.16,25.74,16.29,1095.31
"2010-06-23",48.39,51.35,46.28,25.71,16.26,1092.04
"2010-06-24",46.6,50.26,45.57,25.21,15.97,1073.69
"2010-06-25",46.39,50.46,44.45,24.61,15.94,1076.76
"2010-06-28",45.86,50.64,45.15,24.58,15.98,1074.57
"2010-06-29",45.01,49.73,44.54,24.21,15.73,1041.24
"2010-06-30",45.17,49.02,43.78,24.4,15.77,1030.71
"2010-07-01",45.57,49.08,44.03,24.27,15.89,1027.37
"2010-07-02",45.5,48.48,43.72,24.09,15.73,1022.58
"2010-07-06",45.87,48.27,44.24,24.33,15.45,1028.06
"2010-07-07",46.33,48.53,44.56,24.81,15.86,1060.27
"2010-07-08",45.95,49.8,44.79,25.7,15.83,1070.25
"2010-07-09",45.79,50.23,45.02,25.95,16.09,1077.96
"2010-07-12",45.16,50,45.65,25.72,15.93,1078.75
"2010-07-13",45.83,50.52,46.03,26.6,16.1,1095.34
"2010-07-14",45.61,50.38,45.86,27.07,16.17,1095.17
"2010-07-15",46.66,50.55,45.91,27.16,16.22,1096.48
"2010-07-16",46.19,49.15,45.24,26.69,15.91,1064.88
"2010-07-19",46.14,49.01,45.1,26.71,16.01,1071.25
"2010-07-20",46.88,49.25,46.34,26.98,16.43,1083.48
"2010-07-21",46.09,47.93,45.86,26.37,16.22,1069.59
"2010-07-22",47.27,49.08,46.32,26.88,15.79,1093.67
"2010-07-23",47.67,50.02,47.06,27.54,15.69,1102.66
"2010-07-26",48.55,49.8,46.57,27.31,16.1,1115.01
"2010-07-27",47.89,51.14,46.42,26.58,16.25,1113.84
"2010-07-28",47.59,50.52,46.57,26.43,16.13,1106.13
"2010-07-29",47.32,50.25,46.51,25.88,16.41,1101.53
"2010-07-30",47.15,50.7,46.62,26.09,16.48,1101.6
"2010-08-02",47.54,50.81,46.83,26.62,16.89,1125.86
"2010-08-03",46.83,50.55,46.72,26.34,16.82,1120.46
"2010-08-04",47.31,51.5,47,26.05,16.73,1127.24
"2010-08-05",48.56,50.66,47.02,25.76,17.09,1125.81
"2010-08-06",48.06,50.73,47.17,25.59,17.1,1121.64
"2010-08-09",49.01,51.29,47.42,25.91,17.44,1127.79
"2010-08-10",48.63,51.12,47.56,25.79,17.38,1121.06
"2010-08-11",47.78,50.13,46.74,25.34,17.05,1089.47
"2010-08-12",47.6,49.95,46.2,25.62,17,1083.61
"2010-08-13",46.68,49.63,46.17,25.74,16.99,1079.25
"2010-08-16",46.59,49.68,46.18,25.76,16.89,1079.38
"2010-08-17",46.79,50.09,46.74,25.95,17.2,1092.54
"2010-08-18",47.96,49.96,46.59,25.94,16.42,1094.16
"2010-08-19",47.87,49.36,45.86,25.9,16.07,1075.63
"2010-08-20",48.14,49.38,46.01,26.16,16.06,1071.69
"2010-08-23",48.01,49.26,46.85,26.19,15.95,1067.36
"2010-08-24",47.57,49.89,47,25.7,15.77,1051.87
"2010-08-25",47.61,51.2,47.23,25.29,15.89,1055.33
"2010-08-26",47.69,50.5,46.7,24.96,15.72,1047.22
"2010-08-27",47.77,50.41,46.72,25.12,15.61,1064.59
"2010-08-30",46.9,50.31,46.31,25,15.29,1048.92
"2010-08-31",47.23,50.69,45.93,24.72,15.08,1049.33
"2010-09-01",48.23,51.85,46.91,25.46,15.32,1080.29
"2010-09-02",48.51,52.57,47.42,26.02,15.56,1090.1
"2010-09-03",48.77,52.55,47.68,26.02,15.75,1104.51
"2010-09-07",48.31,52.61,47.51,26.2,15.57,1091.84
"2010-09-08",48.46,53.12,47.48,26.36,15.62,1098.87
"2010-09-09",48.67,52.88,47.56,26.41,15.81,1104.18
"2010-09-10",48.98,53.42,47.61,26.63,15.98,1109.55
"2010-09-13",49.1,53.88,47.83,26.72,16.18,1121.9
"2010-09-14",49.62,54.77,48.24,26.87,16.22,1121.1
"2010-09-15",49.63,54.9,48.43,26.86,16.39,1125.07
"2010-09-16",49.81,54.95,48.69,26.78,16.3,1124.66
"2010-09-17",49.61,54.99,48.56,26.86,16.33,1125.59
"2010-09-20",50.41,54.98,49.05,26.89,16.83,1142.71
"2010-09-21",49.92,54.97,49.08,27.33,16.78,1139.78
"2010-09-22",49.94,55.92,49.31,27.39,16.8,1134.28
"2010-09-23",49.64,56.08,49.15,27.14,16.88,1124.83
"2010-09-24",50.82,57.47,49.54,27.92,17.1,1148.67
"2010-09-27",50.21,57.18,48.99,27.91,16.93,1142.16
"2010-09-28",50.34,58.32,49.31,31.09,16.83,1147.7
"2010-09-29",49.43,58.02,48.88,30.93,16.99,1144.73
"2010-09-30",49.33,57.86,49.03,30.81,17.08,1141.2
"2010-10-01",49.36,58.36,48.88,30.97,17.12,1146.24
"2010-10-04",49.32,57.92,49.08,30.45,16.9,1137.03
"2010-10-05",50.07,58.01,49.47,31.25,17.19,1160.75
"2010-10-06",49.92,58.69,49.98,31.32,17.21,1159.97
"2010-10-07",50.15,58.55,49.8,31.15,17.14,1158.06
"2010-10-08",50.04,57.68,49.85,31.25,17.1,1165.15
"2010-10-11",50.64,57.71,50.03,31.04,16.91,1165.32
"2010-10-12",50.53,56.83,49.4,31.3,16.7,1169.77
"2010-10-13",50.24,56.85,49.31,32,17.21,1178.1
"2010-10-14",49.92,56.69,48.78,31.72,17.48,1173.81
"2010-10-15",50.16,57.15,48.88,31.8,17.56,1176.19
"2010-10-18",49.89,56.71,49.25,31.64,18.11,1184.71
"2010-10-19",49.39,55.82,48.85,30.93,17.66,1165.9
"2010-10-20",50.02,56.18,48.99,31.29,17.6,1178.17
"2010-10-21",50.05,57.06,49.5,31.36,17.56,1180.26
"2010-10-22",49.73,57.45,49.53,31.33,17.99,1183.08
"2010-10-25",49.63,57.52,49.43,31.67,18.16,1185.62
"2010-10-26",49.06,57.14,49.98,31.39,18.3,1185.64
"2010-10-27",48.68,56.69,49.35,31.22,18.27,1182.45
"2010-10-28",48.34,56.53,49.54,31.39,18.33,1183.78
"2010-10-29",47.95,56.5,49.63,31.16,18.48,1183.26
"2010-11-01",49.37,56.96,49.76,31.31,18.36,1184.38
"2010-11-02",49.81,57.36,50.19,31.72,18.58,1193.57
"2010-11-03",49.82,56.85,50.3,32.35,18.75,1197.96
"2010-11-04",50.55,58.94,50.72,33.06,19.3,1221.06
"2010-11-05",50.91,58.87,50.57,32.31,19.16,1225.85
"2010-11-08",50.68,58.34,50.3,32.27,18.84,1223.25
"2010-11-09",50.28,57.81,50.43,32.41,18.46,1213.4
"2010-11-10",50.39,58.01,49.94,32.45,18.68,1218.71
"2010-11-11",50.13,58.82,49.78,32.54,18.44,1213.54
"2010-11-12",50.03,58.69,49.59,32.19,18.6,1199.21
"2010-11-15",50,58.94,49.43,31.89,18.71,1197.75
"2010-11-16",49.66,59.17,49.71,31.43,18.39,1178.34
"2010-11-17",51.59,60.33,49.26,31.43,18.37,1178.59
"2010-11-18",51.31,59.78,49.45,31.81,18.42,1196.69
"2010-11-19",52.23,59.91,49.83,32.12,18.37,1199.73
"2010-11-22",51.73,60.54,49.82,32.24,18.46,1197.84
"2010-11-23",51.23,60.22,49.17,31.4,18.28,1180.73
"2010-11-24",53.1,60.79,49.48,31.71,18.33,1198.35
"2010-11-26",52.73,60.51,49.23,31.13,18.25,1189.4
"2010-11-29",52.25,60.28,49.33,32.16,18.21,1187.76
"2010-11-30",52.81,60.86,49.55,32.21,18.55,1180.55
"2010-12-01",53.81,61.49,50.11,32.96,18.83,1206.07
"2010-12-02",55.32,62.12,50.16,33.37,17.99,1221.53
"2010-12-03",54.83,61.56,50.04,34.06,17.59,1224.71
"2010-12-06",54.94,62.28,49.92,33.59,17.32,1223.12
"2010-12-07",54.81,62.68,50.47,33.47,17,1223.75
"2010-12-08",54.84,62.33,50.2,33.7,17.39,1228.28
"2010-12-09",55.1,63.93,50.06,33.61,17.37,1233
"2010-12-10",54.68,64.13,50,33.67,17.31,1240.4
"2010-12-13",54.53,63.67,49.94,33.68,17.1,1240.46
"2010-12-14",54.8,64.1,50.16,33.96,16.89,1241.59
"2010-12-15",54.52,63.95,49.96,34.31,17.04,1235.23
"2010-12-16",54.78,64.92,50.33,34.86,17.33,1242.87
"2010-12-17",54.28,64.66,50.12,34.73,17.4,1243.91
"2010-12-20",54.35,65.09,49.53,34.45,17.54,1247.08
"2010-12-21",55.37,65.1,49.42,34.04,17.89,1254.6
"2010-12-22",55.68,65.05,49.11,35.9,18.05,1258.84
"2010-12-23",55.89,65.02,49.38,36.22,18.11,1256.77
"2010-12-27",55.7,64.88,49.35,36.01,18.01,1257.54
"2010-12-28",55.57,65.45,49.51,36.48,18.05,1258.51
"2010-12-29",55.55,65.44,49.82,36.49,18.12,1259.78
"2010-12-30",55.6,65.57,49.81,36.26,18.27,1257.88
"2010-12-31",55.77,65,49.68,36.01,18.25,1257.64
"2011-01-03",56.36,65.23,50.26,36.34,18.25,1271.87
"2011-01-04",55.64,65.11,50.45,36.64,17.56,1270.2
"2011-01-05",54.67,63.9,50.12,37.15,17.41,1276.56
"2011-01-06",50.95,63.59,49.71,37.26,17.23,1273.85
"2011-01-07",51.06,63.59,49.82,37.04,17.15,1271.5
"2011-01-10",51.22,63.44,49.5,37.84,17.17,1269.75
"2011-01-11",51.19,63.97,50.01,37.73,16.95,1274.48
"2011-01-12",51.43,64.35,50.53,38.08,17.18,1285.96
"2011-01-13",51.4,64.45,50.47,38.48,17.15,1283.76
"2011-01-14",51.08,65.27,50.49,38.3,17.07,1293.24
"2011-01-18",50.67,65.35,50.79,38.79,17.07,1295.02
"2011-01-19",50.58,64.87,50.69,38.15,16.84,1281.92
"2011-01-20",51.52,65.13,51.58,38.45,17.16,1280.26
"2011-01-21",51.69,65.5,51.34,38.53,17.06,1283.35
"2011-01-24",51.75,65.37,51.63,38.34,17.12,1290.84
"2011-01-25",51.89,65.22,52.75,38.11,17.02,1291.18
"2011-01-26",51.56,65.37,52.8,38.16,16.83,1296.63
"2011-01-27",50.85,65.82,53.03,37.96,16.76,1299.54
"2011-01-28",50.41,64.75,52.23,37.3,16.64,1276.34
"2011-01-31",50.85,64.66,51.65,37.37,16.79,1286.12
"2011-02-01",50.68,65.2,51.89,39.03,16.97,1307.59
"2011-02-02",49.58,63.77,51.46,38.79,16.64,1304.03
"2011-02-03",50.14,66.64,51.51,39.1,17.07,1307.1
"2011-02-04",50.34,66.73,51.61,39.16,17.06,1310.87
"2011-02-07",50.83,66.83,51.65,39.1,17.07,1319.05
"2011-02-08",51.37,67.33,51.94,39.54,17.2,1324.57
"2011-02-09",51.02,67.4,52.26,39.42,17.5,1320.88
"2011-02-10",50.6,67.29,51.21,39.35,17.53,1321.87
"2011-02-11",50.45,67.73,51.3,39.35,17.54,1329.15
"2011-02-14",49.97,67.39,50.48,38.97,17.59,1332.32
"2011-02-15",50.19,67.09,50.62,39.13,17.67,1328.01
"2011-02-16",50.07,67.66,50.25,39.15,18.01,1336.32
"2011-02-17",49.52,67.55,50.44,39.54,18.22,1340.43
"2011-02-18",48.36,68.08,51.02,39.66,18.17,1343.01
"2011-02-22",47.59,66.69,49.44,39.14,18.08,1315.44
"2011-02-23",46.83,65.74,48.85,38.26,17.89,1307.4
"2011-02-24",48.45,65.87,47.99,38.34,17.54,1306.1
"2011-02-25",48.79,66.4,47.67,38.95,17.48,1319.88
"2011-02-28",48.96,67.5,47.88,40.22,17.71,1327.22
"2011-03-01",48.89,66.45,47.97,39.64,17.42,1306.33
"2011-03-02",48.73,64.77,47.87,38.83,17.48,1308.44
"2011-03-03",48.53,65.43,47.91,39.47,17.58,1330.97
"2011-03-04",48.13,65.72,47.97,39.19,17.71,1321.15
"2011-03-07",47.8,65.16,47.92,38.84,17.53,1310.13
"2011-03-08",48,66.45,48.31,39.34,17.49,1321.82
"2011-03-09",48.12,66.94,48.86,39.54,17.86,1320.02
"2011-03-10",47.67,66.23,48.84,38.94,18.19,1295.11
"2011-03-11",48.01,65.48,48.79,38.91,18.55,1304.28
"2011-03-14",47.59,64.84,48.54,38.6,18.44,1296.39
"2011-03-15",47.38,64.59,48.29,38.11,18.4,1281.87
"2011-03-16",47.2,62.96,47.66,37.69,18.07,1256.88
"2011-03-17",46.94,63.6,47.65,38.21,17.97,1273.72
"2011-03-18",46.58,63.78,47.79,37.96,18.2,1279.21
"2011-03-21",47.25,64.12,48.16,38.95,18.41,1298.38
"2011-03-22",47.05,64.58,48.24,36.39,18.22,1293.77
"2011-03-23",46.81,64.01,47.9,36.96,18.24,1297.54
"2011-03-24",47.16,65.09,48.79,37.07,18.62,1309.66
"2011-03-25",46.54,64.5,48.56,36.79,18.51,1313.8
"2011-03-28",46.17,64.32,48.41,36.45,18.22,1310.19
"2011-03-29",45.81,64.9,48.48,37.06,18.9,1319.44
"2011-03-30",46.83,65.72,48.57,37.12,19.22,1328.26
"2011-03-31",46.6,66.18,48.28,37.25,19.2,1325.83
"2011-04-01",46.92,67.02,48.36,37.99,19.16,1332.41
"2011-04-04",46.64,66.95,48.84,37.89,19.11,1332.87
"2011-04-05",47.28,67.63,48.92,38.15,19.53,1332.63
"2011-04-06",47.48,67.69,49.15,38.25,19.44,1335.54
"2011-04-07",46.23,70.24,49.17,38.35,19.67,1333.51
"2011-04-08",46.15,68.97,48.74,38.06,19.47,1328.17
"2011-04-11",45.9,68.78,49,38.36,19.43,1324.46
"2011-04-12",47,69,49.65,38.3,19.58,1314.16
"2011-04-13",46.67,68.97,49.75,38.34,19.62,1314.41
"2011-04-14",46.61,68.9,49.63,38.47,20.28,1314.52
"2011-04-15",46.81,69.47,49.68,38.86,20.26,1319.68
"2011-04-18",46.84,69.41,49.45,38.65,20.38,1305.14
"2011-04-19",46.42,69.24,49.49,39.32,20.22,1312.62
"2011-04-20",46.64,70.91,49.81,39.5,20.29,1330.36
"2011-04-21",46.5,71.19,49.7,39.62,20.1,1337.38
"2011-04-25",46.12,71,49.51,39.39,20.31,1335.25
"2011-04-26",46.45,72.01,50.01,39.78,20.38,1347.24
"2011-04-27",47.14,73.2,50.48,39.79,20.62,1355.66
"2011-04-28",46.79,73.53,50.73,40.06,20.08,1360.48
"2011-04-29",45.75,73.01,51,39.64,19.83,1363.61
"2011-05-02",45.47,73.15,51.06,39.26,19.74,1361.22
"2011-05-03",45.82,72.67,51.45,40.02,19.64,1356.62
"2011-05-04",45.84,72.33,51.36,39.7,19.57,1347.32
"2011-05-05",46.91,71.86,51.09,39.44,19.8,1335.1
"2011-05-06",47.06,72.61,51.04,39.29,19.78,1340.2
"2011-05-09",46.59,73.47,51.11,40,19.94,1346.29
"2011-05-10",47.03,74.22,51.51,40.37,20.16,1357.16
"2011-05-11",47.34,73.96,51.52,40.92,19.98,1342.08
"2011-05-12",48.23,75.42,52.03,41.7,20.33,1348.65
"2011-05-13",48.01,74.88,52.03,41.73,20.39,1337.77
"2011-05-16",47.13,74.51,52.35,41.87,20.38,1329.47
"2011-05-17",47.55,74.87,51.86,41.11,20.56,1328.98
"2011-05-18",46.78,75.35,51.53,41.17,20.62,1340.68
"2011-05-19",47.09,75.91,51.81,41.21,20.74,1343.6
"2011-05-20",46.53,75.5,51.63,41.34,20.56,1333.27
"2011-05-23",46.36,74.81,51.56,41.46,20.32,1317.37
"2011-05-24",46.1,73.64,51.15,41.26,19.96,1316.28
"2011-05-25",46.22,72.71,50.95,41.12,19.77,1320.47
"2011-05-26",46.26,73.15,51,40.71,19.89,1325.69
"2011-05-27",46.23,73.8,51.08,40.72,20,1331.1
"2011-05-31",46.38,74.66,51.56,40.65,20.15,1345.2
"2011-06-01",45.47,72.61,50.71,40.36,18.89,1314.55
"2011-06-02",44.9,71.51,50,40.27,18.5,1312.94
"2011-06-03",44.38,70.44,50.11,40.2,18.18,1300.16
"2011-06-06",44.34,70.33,50.2,40.01,17.96,1286.17
"2011-06-07",44.06,70.93,50.27,40,18.02,1284.94
"2011-06-08",43.88,71.45,50.14,40.23,18.21,1279.56
"2011-06-09",44.16,71.54,50.07,40.62,18.28,1289
"2011-06-10",43.73,70.88,49.23,40.03,18.02,1270.98
"2011-06-13",43.47,71.02,49.14,40.53,18.1,1271.83
"2011-06-14",44.28,71.73,49.41,41.09,18.12,1287.87
"2011-06-15",43.74,70.54,48.86,40.8,17.91,1265.42
"2011-06-16",43.49,71.38,49.33,41.35,18.53,1267.64
"2011-06-17",43.57,72.08,49.32,41.62,18.55,1271.5
"2011-06-20",44.23,73.55,49.53,42.09,18.6,1278.36
"2011-06-21",44.64,73.68,49.76,40.32,18.88,1295.52
"2011-06-22",43.84,72.89,49.5,39.74,18.74,1287.14
"2011-06-23",44.6,72.78,49.76,39.68,18.85,1283.5
"2011-06-24",43.38,71.63,48.94,38.56,18.51,1268.45
"2011-06-27",43.5,72.28,48.83,38.87,18.48,1280.1
"2011-06-28",43.72,72.41,49.05,38.75,18.56,1296.67
"2011-06-29",43.53,72.45,49.15,38.91,19.06,1307.41
"2011-06-30",43.92,73.54,49.62,39.56,19.19,1320.64
"2011-07-01",44.88,73.81,49.97,39.9,19.39,1339.67
"2011-07-05",44.52,73.59,49.86,39.81,19,1337.88
"2011-07-06",45.36,74.81,50.16,40.42,18.88,1339.22
"2011-07-07",48.38,74.28,50.88,41.12,19.43,1353.22
"2011-07-08",47.88,73.7,50.5,41.06,19.26,1343.8
"2011-07-11",47.46,73.03,50.3,40.46,19.07,1319.49
"2011-07-12",47.7,73.06,50.37,39.64,19.37,1313.64
"2011-07-13",47.59,73.18,50.44,39.87,19.43,1317.72
"2011-07-14",47.56,72.72,50.08,39.27,19.53,1308.87
"2011-07-15",47.84,72.29,50.08,39.07,19.5,1316.14
"2011-07-18",47.37,71.61,49.79,38.82,19.39,1305.44
"2011-07-19",48.03,73.15,50.4,39.27,19.84,1326.73
"2011-07-20",47.71,73.04,50.32,38.94,19.4,1325.84
"2011-07-21",48.44,73.79,50.86,36.93,17.63,1343.8
"2011-07-22",48.51,73.93,50.91,37.29,17.18,1345.02
"2011-07-25",47.88,73.47,50.4,37.08,16.83,1337.43
"2011-07-26",47.39,72.92,50.04,37.02,16.79,1331.94
"2011-07-27",47.14,70.96,49.72,36.3,16.69,1304.89
"2011-07-28",47.22,70.91,49.48,36.5,16.56,1300.67
"2011-07-29",48.21,70.83,49.22,36.37,16.56,1292.28
"2011-08-01",47.85,70.35,49.14,36.43,16.37,1286.94
"2011-08-02",45.83,68.64,48.26,35.62,15.76,1254.05
"2011-08-03",46.58,70,47.88,35.53,16.11,1260.34
"2011-08-04",44.77,69.48,46.78,34.52,15.76,1200.07
"2011-08-05",45.55,69.69,47.48,34.5,15.53,1199.38
"2011-08-08",43.48,64.13,45.68,32.81,14.71,1119.46
"2011-08-09",45.83,67.8,47.46,33.81,15.02,1172.53
"2011-08-10",43.73,63.92,45.53,32.35,14.46,1120.76
"2011-08-11",44.26,65.94,46.77,32.37,14.71,1172.64
"2011-08-12",45.39,66.1,46.79,32.81,14.84,1178.81
"2011-08-15",45.34,67.27,47.01,34.23,14.92,1204.49
"2011-08-16",46.51,68.24,48.83,34.71,15,1192.76
"2011-08-17",47.63,69.13,48.49,33.88,15.13,1193.89
"2011-08-18",47.71,67.53,48.71,32.86,14.36,1140.65
"2011-08-19",47.03,67.53,49.19,32.29,14.03,1123.53
"2011-08-22",47.15,67.58,49.09,32.71,13.97,1123.82
"2011-08-23",47.7,69.22,50.05,32.51,14.13,1162.35
"2011-08-24",48.05,70.37,50.2,32.18,14.06,1177.6
"2011-08-25",47.39,68.89,49.57,31.97,13.8,1159.27
"2011-08-26",47.89,70.12,49.76,32.35,14.02,1176.8
"2011-08-29",48.37,70.64,50.03,33.24,14.71,1210.08
"2011-08-30",48.01,70.9,49.68,33.28,14.84,1212.92
"2011-08-31",48.68,71.32,50.03,33,15.05,1218.89
"2011-09-01",48.11,72.18,49.52,33.42,14.7,1204.42
"2011-09-02",46.83,71.34,48.94,32.59,14.49,1173.97
"2011-09-06",46.49,71.2,48.61,32.9,14.61,1165.24
"2011-09-07",47.65,73.2,49.3,33.82,15.11,1198.62
"2011-09-08",47.66,73.34,49.11,33.63,15.34,1185.9
"2011-09-09",47.13,71.65,48.31,33.12,14.7,1154.23
"2011-09-12",47.21,72.39,48.74,33.43,14.64,1162.27
"2011-09-13",48,73.29,48.52,33.68,14.57,1172.87
"2011-09-14",48.31,74.37,49.1,34.35,14.77,1188.68
"2011-09-15",48.71,75.38,49.39,34.96,15.05,1209.11
"2011-09-16",49.61,76.5,49.52,34.64,14.53,1216.01
"2011-09-19",49.71,77.22,49.33,34.73,14.51,1204.09
"2011-09-20",49.26,77.25,49.18,34.77,14.17,1202.09
"2011-09-21",48.46,76.67,48.27,34.09,13.7,1166.76
"2011-09-22",46.29,75.54,47.29,33.02,13.39,1129.56
"2011-09-23",46.3,75.71,47.78,32.7,13.29,1136.43
"2011-09-26",47.69,76.69,48.75,33.77,14.01,1162.95
"2011-09-27",47.51,76.58,48.94,31.65,13.99,1175.38
"2011-09-28",47.1,76.09,48.26,30.7,13.68,1151.06
"2011-09-29",47.32,75.35,48.84,30.49,14.06,1160.4
"2011-09-30",46.2,74.58,48.81,30.83,13.77,1131.42
"2011-10-03",45.04,74.13,48.87,30.44,13.51,1099.23
"2011-10-04",46.61,74.15,49.74,30.79,14.29,1123.95
"2011-10-05",46.88,72.88,49.52,30.96,14.42,1144.03
"2011-10-06",48.91,71.92,49.61,31.28,14.85,1164.97
"2011-10-07",48.58,71.76,50.51,31.32,14.43,1155.46
"2011-10-10",49.59,73.77,51.55,31.56,14.54,1194.89
"2011-10-11",50,73.47,51.47,31.67,14.45,1195.54
"2011-10-12",49.7,73.94,51.92,31.07,14.88,1207.25
"2011-10-13",49.68,74.17,51.75,30.89,14.84,1203.66
"2011-10-14",49.89,74.26,52.16,30.93,14.63,1224.58
"2011-10-17",49.84,74.79,51.52,31.77,14.61,1200.86
"2011-10-18",50.54,76.8,52.57,31.71,14.87,1225.38
"2011-10-19",50.19,76.63,52.91,31.64,15.02,1209.88
"2011-10-20",50.6,76.52,53.02,31.49,15.05,1215.39
"2011-10-21",51.48,77.46,53.54,32,15.6,1238.25
"2011-10-24",51.55,76.72,53.4,32.16,15.86,1254.19
"2011-10-25",51.25,75.58,53.34,31.7,15.71,1229.05
"2011-10-26",51.96,76.04,53.96,31.17,15.89,1242
"2011-10-27",52.35,77.39,54.37,31.99,16.44,1284.59
"2011-10-28",52.04,77.13,53.75,31.69,16.35,1285.09
"2011-10-31",51.58,75.6,53.35,31.12,16.03,1253.3
"2011-11-01",49.57,75.69,52.89,30.34,15.73,1218.28
"2011-11-02",49.86,76.67,53.48,30.92,15.92,1237.9
"2011-11-03",49.22,76.92,54.01,30.67,15.86,1261.15
"2011-11-04",49.15,76.11,54.08,31.09,15.99,1253.23
"2011-11-07",49.77,76.43,54.5,31.06,16.29,1261.12
"2011-11-08",49.98,77.41,55.79,31.11,16.52,1275.92
"2011-11-09",48.7,75.96,54.6,29.94,16.03,1229.1
"2011-11-10",48.78,75.33,54.67,30.15,16.28,1239.7
"2011-11-11",50,75.63,55.68,31,16.61,1263.85
"2011-11-14",49.89,76,55.39,30.61,16.51,1251.78
"2011-11-15",50.39,76.94,54.04,30.72,16.4,1257.81
"2011-11-16",50.16,75.53,53.31,30.41,16.29,1236.91
"2011-11-17",49.88,74.66,53.36,30.46,15.71,1216.13
"2011-11-18",50.22,74.42,53.83,30.79,15.83,1215.65
"2011-11-21",49.78,74.03,53.29,29.53,15.86,1192.98
"2011-11-22",49.92,74.5,53.47,29.01,15.35,1188.04
"2011-11-23",48.83,73.55,53.27,30.28,15.21,1161.79
"2011-11-25",48.52,73.6,53.51,30.64,15.59,1158.67
"2011-11-28",48.92,74.89,53.85,30.95,16.05,1192.55
"2011-11-29",49.5,76.05,54.71,30.71,15.8,1195.19
"2011-11-30",49.93,77.68,55.4,31.82,16.56,1246.96
"2011-12-01",49.41,79.31,55.13,31.97,16.61,1244.58
"2011-12-02",50.1,78.99,54.64,31.26,16.73,1244.28
"2011-12-05",50.52,79.41,54.87,32.44,17.16,1257.08
"2011-12-06",50.84,80.2,55.29,32.1,17.14,1258.47
"2011-12-07",51.35,79.66,55.38,32.57,17.1,1261.01
"2011-12-08",50.66,78.1,54.87,31.97,17.04,1234.35
"2011-12-09",50.69,76.84,55.2,32.29,17.44,1255.19
"2011-12-12",50.66,76.64,54.98,31.98,17.39,1236.47
"2011-12-13",50.04,76.16,54.51,31.79,17.47,1225.73
"2011-12-14",49.73,75.36,54.56,31.72,17.09,1211.82
"2011-12-15",49.34,75.2,54.85,32.19,17.37,1215.75
"2011-12-16",49.46,75.2,55.15,32.21,17.03,1219.66
"2011-12-19",48.74,74.73,54.68,30.91,16.86,1205.35
"2011-12-20",49.06,76.17,56.02,31.62,17.12,1241.3
"2011-12-21",49.01,76.31,56.21,31.49,17.41,1243.72
"2011-12-22",48.58,76.29,56.02,32.01,17.45,1254
"2011-12-23",48.99,77.1,56.78,33.35,17.61,1265.33
"2011-12-27",49.37,77.03,56.62,31.48,17.67,1265.43
"2011-12-28",49,76.66,56.53,31.41,17.63,1249.64
"2011-12-29",48.97,76.81,56.78,31.55,17.66,1263.02
"2011-12-30",48.53,75.88,56.56,31.2,17.54,1257.6
"2012-01-03",48.44,77.05,57.1,31.2,17.93,1277.06
"2012-01-04",47.38,76.56,56.51,30.98,17.55,1277.3
"2012-01-05",45.96,75.83,56.24,30.88,17.74,1281.06
"2012-01-06",46.38,73.89,55.84,31.22,17.7,1277.81
"2012-01-09",46.02,71.95,56.01,31.62,17.98,1280.7
"2012-01-10",46.23,72.08,55.88,32.46,17.84,1292.08
"2012-01-11",46.46,72.85,56.22,32.1,17.33,1292.48
"2012-01-12",47.2,72.81,56.31,31.4,17.12,1295.5
"2012-01-13",47.21,73.41,56.35,30.79,17.43,1289.09
"2012-01-17",47.26,74.15,56.64,31.33,17.61,1293.67
"2012-01-18",47.25,74.46,56.8,31.85,17.97,1308.04
"2012-01-19",48.23,73.96,57.36,31.62,18.2,1314.5
"2012-01-20",47.54,74.14,57.74,31.6,18.22,1315.38
"2012-01-23",47.52,74.35,57.65,31.95,18.6,1316
"2012-01-24",48.09,74.43,58.1,32.34,18.93,1314.65
"2012-01-25",48.46,75.33,58.18,32.74,19.08,1326.06
"2012-01-26",47.85,74.73,57.7,32.39,18.67,1318.43
"2012-01-27",47.42,74.33,57.46,32.3,18.81,1316.33
"2012-01-30",47.69,74.17,58.02,31.74,18.7,1313.01
"2012-01-31",48.14,74.92,58.07,31.48,18.33,1312.41
"2012-02-01",48.72,75.79,58.85,31.35,18.23,1324.09
"2012-02-02",49.27,77.87,58.62,31.64,18.13,1325.54
"2012-02-03",49.4,77.74,58.71,31.76,18.13,1344.9
"2012-02-06",49.32,77.45,58.56,32.35,18.09,1344.33
"2012-02-07",49.66,77.01,58.39,31.58,17.78,1347.05
"2012-02-08",49.81,76.97,58.32,31.27,18.27,1349.96
"2012-02-09",49.93,77.2,58.64,32.29,18.29,1351.95
"2012-02-10",49.68,76.9,58.58,32.6,18.13,1342.64
"2012-02-13",49.9,76.6,58.48,32.83,18.23,1351.77
"2012-02-14",49.81,76.81,58.89,32.68,18.47,1350.5
"2012-02-15",49.37,76.02,58.45,32.13,18.78,1343.23
"2012-02-16",49.49,76.76,58.72,32.52,19.03,1358.04
"2012-02-17",50.16,77.15,59.13,32.97,19.13,1361.23
"2012-02-21",50.07,76.95,56.85,32.47,18.77,1362.21
"2012-02-22",50.48,77,55.46,32.57,18.9,1357.66
"2012-02-23",51.94,77.42,55.4,32.27,17.47,1363.46
"2012-02-24",52.62,77.08,55.64,32.16,17.45,1365.74
"2012-02-27",52.71,77.71,55.33,31.86,17.8,1367.59
"2012-02-28",53.38,77.88,55.77,31.74,17.83,1372.18
"2012-02-29",54.02,78.6,55.91,31.5,17.88,1365.68
"2012-03-01",54.09,78.69,55.67,31.13,18.05,1374.09
"2012-03-02",53.93,78.75,55.85,31.05,18.07,1369.63
"2012-03-05",54.03,80.03,56.22,31.63,18.42,1364.33
"2012-03-06",53.83,79.99,55.81,31.22,17.42,1343.36
"2012-03-07",53.98,80.27,56.65,31.15,17.53,1352.63
"2012-03-08",54.54,80.64,56.95,31.14,17.93,1365.91
"2012-03-09",54.98,81.59,57.24,31.8,18.14,1370.87
"2012-03-12",55.25,81.68,57.81,31.95,18.22,1371.09
"2012-03-13",55.73,82.18,58.12,31.58,18.28,1395.95
"2012-03-14",55.84,83.02,58.19,31.7,18.22,1394.28
"2012-03-15",55.99,83.53,58.34,32.08,18.48,1402.6
"2012-03-16",55.66,82.6,57.97,32.5,18.48,1404.17
"2012-03-19",55.62,82.22,57.87,32.35,18.06,1409.75
"2012-03-20",55.28,82.43,57.74,32.12,17.77,1405.52
"2012-03-21",54.86,82.78,57.7,31.86,17.54,1402.89
"2012-03-22",55.21,82.65,57.78,31.71,17.39,1392.78
"2012-03-23",55.45,82.44,57.88,31.88,17.62,1397.11
"2012-03-26",56.09,83.59,58.31,32.65,17.03,1416.51
"2012-03-27",55.45,83.37,58.2,33.06,17.14,1412.52
"2012-03-28",55.42,82.76,58.3,33.01,16.94,1405.54
"2012-03-29",55.25,82.05,57.95,32.23,17.2,1403.28
"2012-03-30",55.53,82.93,58.31,31.81,16.97,1408.47
"2012-04-02",55.55,83.88,58.46,32.45,17.04,1419.04
"2012-04-03",55.16,82.55,57.78,32.15,16.69,1413.38
"2012-04-04",55.1,81.32,57.41,31.63,16.89,1398.96
"2012-04-05",55.01,80.96,57.8,31.2,16.56,1398.08
"2012-04-09",54.81,80.26,57.29,30.93,16.49,1382.2
"2012-04-10",53.75,79.36,57.1,30.6,16.71,1358.59
"2012-04-11",54.51,79.75,56.98,31.42,16.95,1368.71
"2012-04-12",55.21,79.62,57.3,31.62,17.36,1387.57
"2012-04-13",54.73,78.84,56.95,31.39,17.79,1370.26
"2012-04-16",54.69,79.35,57.72,31.63,18.16,1369.57
"2012-04-17",54.89,80.07,58.95,33.31,18.41,1390.78
"2012-04-18",54.68,80.43,59.13,33.73,18.41,1385.14
"2012-04-19",54.12,79.57,58.83,33.85,18.47,1376.92
"2012-04-20",54.59,79.99,59.5,34.13,18.55,1378.53
"2012-04-23",53.98,79.11,56.73,33.63,18.19,1366.94
"2012-04-24",54.06,78.94,55.04,33.47,18.16,1371.97
"2012-04-25",54.16,79.71,54.65,33.53,18.14,1390.69
"2012-04-26",54.79,80.44,56.17,33.62,17.58,1399.98
"2012-04-27",55.52,81,56.24,33.88,17.45,1403.36
"2012-04-30",55.21,80.53,56.13,33.3,17.07,1397.91
"2012-05-01",55.28,79.43,56.28,32.98,16.97,1405.82
"2012-05-02",55.25,79.13,56.22,32.44,16.79,1402.31
"2012-05-03",53.89,76.94,56.2,32.14,16.69,1391.57
"2012-05-04",53.03,76.16,55.93,31.96,16.53,1369.1
"2012-05-07",53.14,75.94,56.39,31.89,16.4,1369.58
"2012-05-08",52.94,75.47,56.26,32.38,16.19,1363.72
"2012-05-09",52.68,75.46,56.62,32.23,16.03,1354.58
"2012-05-10",52.71,76.61,56.78,32.34,16.09,1357.99
"2012-05-11",52.82,77.27,57,31.58,15.93,1353.39
"2012-05-14",52.62,76.99,56.66,31.2,15.88,1338.35
"2012-05-15",52.77,77.25,56.93,31.23,15.77,1330.66
"2012-05-16",53,77.55,56.78,31.14,15.75,1324.8
"2012-05-17",52.52,76.23,59.17,30.48,15.45,1304.86
"2012-05-18",53.14,75.75,59.88,29.95,15.44,1295.22
"2012-05-21",53.49,76.47,60.47,29.99,15.86,1315.99
"2012-05-22",54.3,76.15,61.13,29.89,15.98,1316.63
"2012-05-23",54.4,76.34,61.95,29.93,15.82,1318.86
"2012-05-24",54.85,77.41,62.42,29.9,15.81,1320.68
"2012-05-25",55.21,77.41,62.65,30,16.14,1317.82
"2012-05-29",55.7,79.39,63,30.22,16.32,1332.42
"2012-05-30",55.37,78.63,62.77,29.58,16.1,1313.32
"2012-05-31",55.49,79.16,63.14,29.19,15.97,1310.33
"2012-06-01",54.81,78.34,62.88,28.63,15.53,1278.04
"2012-06-04",55.16,79.32,63.3,29.18,15.47,1278.18
"2012-06-05",54.92,79.51,62.83,29.25,15.79,1285.5
"2012-06-06",55.09,80.43,63.24,29.61,15.95,1315.13
"2012-06-07",54.92,80.76,63.18,29.63,15.33,1314.99
"2012-06-08",56.72,81.31,65.44,29.8,15.3,1325.66
"2012-06-11",56.24,80.55,64.78,29.86,15.13,1308.93
"2012-06-12",55.73,81.09,64.96,29.89,15.25,1324.18
"2012-06-13",55.62,80.11,64.34,29.54,14.82,1314.88
"2012-06-14",56.1,82.31,64.87,30.29,15.28,1329.1
"2012-06-15",56.05,83.79,64.99,30.42,15.09,1342.84
"2012-06-18",56.02,84.33,65.34,30.57,14.81,1344.78
"2012-06-19",56.24,84.17,65.05,28.78,15.05,1357.98
"2012-06-20",56.05,83.83,65.73,27.94,15.12,1355.69
"2012-06-21",55,82.84,64.94,27.88,14.84,1325.51
"2012-06-22",55.15,83.32,64.56,28.28,14.71,1335.02
"2012-06-25",54.83,83.27,65.4,27.73,14.56,1313.72
"2012-06-26",55.22,84.02,65.78,27.82,14.68,1319.99
"2012-06-27",55.15,83.68,65.79,28.14,14.91,1331.85
"2012-06-28",55.06,85.14,65.52,27.78,15.16,1329.04
"2012-06-29",55.75,87.05,66.88,28.29,15.39,1362.16
"2012-07-02",55.83,86.5,66.52,28.56,15.14,1365.51
"2012-07-03",55.36,86.52,67.87,28.32,15.24,1374.02
"2012-07-05",54.76,86.13,68.18,28.57,15.05,1367.58
"2012-07-06",55.64,85.84,68.45,28.33,15.02,1354.68
"2012-07-09",55.61,86.11,68.83,28.41,14.76,1352.46
"2012-07-10",56.75,85.95,69.17,28.62,14.89,1341.47
"2012-07-11",57.29,86.59,69.31,28.64,15.25,1341.45
"2012-07-12",57.37,86.15,69.36,28.79,13.34,1334.76
"2012-07-13",59.36,86.88,70.2,29.25,13.59,1356.78
"2012-07-16",58.93,87.19,70,29.17,13.49,1353.64
"2012-07-17",58.7,88.02,70.12,29.36,13.73,1363.67
"2012-07-18",58.82,87.93,69.88,29.62,13.99,1372.78
"2012-07-19",58.69,87.92,68.61,33.11,13.4,1376.51
"2012-07-20",58.8,87.61,69.3,33.09,13.22,1362.66
"2012-07-23",57.91,86.49,68.92,32.44,12.94,1350.52
"2012-07-24",58.02,86.21,69.2,32.63,12.94,1338.31
"2012-07-25",57.83,85.91,69.14,33.14,12.72,1337.89
"2012-07-26",58.5,87.88,70.67,33.45,12.8,1360.02
"2012-07-27",58.95,88.98,71.48,34.17,12.99,1385.97
"2012-07-30",59.44,88.39,71.92,34.69,13.09,1385.3
"2012-07-31",58.11,88.13,71.4,34.78,13.19,1379.32
"2012-08-01",58.08,87.91,70.62,34.69,13.21,1375.32
"2012-08-02",59.38,87.69,71.03,34.19,12.81,1365
"2012-08-03",59.75,89.08,71.51,34.24,13.1,1390.99
"2012-08-06",59.78,88.42,71.25,34.23,13.43,1394.23
"2012-08-07",60.02,87.78,70.97,34.46,13.32,1401.35
"2012-08-08",60.31,87.88,71.67,34.66,13.62,1402.22
"2012-08-09",60.07,87.64,71.22,34.52,13.82,1402.8
"2012-08-10",60.21,87.58,71.06,34.6,13.56,1405.87
"2012-08-13",60.24,87.88,70.79,34.4,13.67,1404.11
"2012-08-14",61.08,87.92,71.38,34.16,13.68,1403.93
"2012-08-15",62.16,88.65,71.8,34.28,13.59,1405.53
"2012-08-16",61.59,88.66,69.58,34.24,13.62,1415.51
"2012-08-17",61.81,88.35,69.43,34.55,13.43,1418.16
"2012-08-20",61.33,88.24,69.73,34.73,13.6,1418.13
"2012-08-21",61.8,87.57,68.89,34.36,13.56,1413.17
"2012-08-22",61.37,87.79,69.22,34.27,13.54,1413.49
"2012-08-23",60.7,87.06,69.01,34.37,12.98,1402.08
"2012-08-24",61.38,88.45,69.54,34.36,13.13,1411.13
"2012-08-27",61.06,88.81,69.92,34.31,13.09,1410.44
"2012-08-28",61.49,88.74,69.83,34.12,13.19,1409.3
"2012-08-29",61.93,89.24,70.18,34.03,13.21,1410.49
"2012-08-30",61.83,90.6,69.68,33.94,13.27,1399.48
"2012-08-31",61.76,89.94,70.02,34.47,13.27,1406.58
"2012-09-04",61.52,90.2,70.89,34.41,13.42,1404.94
"2012-09-05",61.41,90.26,70.93,34.58,13.99,1403.44
"2012-09-06",62.5,91.88,72.15,33.93,13.99,1432.12
"2012-09-07",61.67,91.64,71.19,33.68,13.84,1437.92
"2012-09-10",62.45,92.31,70.89,33.87,13.88,1429.08
"2012-09-11",62.14,91.45,71.42,33.84,13.91,1433.56
"2012-09-12",62.04,92.71,71.43,34.08,13.95,1436.56
"2012-09-13",62.7,94.42,72.47,34.72,13.99,1459.99
"2012-09-14",62.32,93.9,71.85,34.72,14.3,1465.77
"2012-09-17",62.07,93.96,71.36,34.41,14.13,1461.19
"2012-09-18",61.94,93.72,71.32,34.37,14.03,1459.32
"2012-09-19",62.65,93.62,71.72,34.52,14.11,1461.05
"2012-09-20",63.02,94.32,72.09,34.27,14.06,1460.26
"2012-09-21",63.06,94.06,71.8,33.84,13.77,1460.15
"2012-09-24",62.78,94.29,72.08,34.38,13.66,1456.89
"2012-09-25",62.04,93.22,71.62,34.77,14.02,1441.59
"2012-09-26",61.51,92.81,71.55,34.53,13.71,1433.32
"2012-09-27",61.28,92.17,71.35,35.28,13.83,1447.15
"2012-09-28",61.16,92.04,71.17,35.12,13.79,1440.67
"2012-10-01",60.7,92.36,71.41,35.62,13.8,1444.49
"2012-10-02",60.69,91.43,71.13,35.58,13.77,1445.75
"2012-10-03",60.8,91.55,71.56,35.05,13.73,1450.99
"2012-10-04",61.34,93.26,72.06,35.06,14.01,1461.4
"2012-10-05",61.85,93.54,72.46,34.83,13.85,1460.93
"2012-10-08",61.67,93.14,72.57,34.62,14.01,1455.88
"2012-10-09",60.61,91.56,71.5,34.31,13.93,1441.48
"2012-10-10",60.38,93.33,72.74,34.34,13.96,1432.56
"2012-10-11",59.02,90.35,72.34,34.8,13.47,1432.84
"2012-10-12",59.29,89.64,73.11,34.64,13.35,1428.59
"2012-10-15",59.56,88.69,74.4,34.86,13.43,1440.13
"2012-10-16",60.61,89.14,74.17,35.06,13.65,1454.92
"2012-10-17",60.75,88.94,74.29,34.54,14,1460.91
"2012-10-18",60.65,88.52,73.84,34.81,14.16,1457.34
"2012-10-19",59.97,87.1,72.93,34.5,14.01,1433.19
"2012-10-22",59.95,87.3,72.96,35.02,14.18,1433.82
"2012-10-23",60.36,87.47,72.1,34.11,13.96,1413.11
"2012-10-24",60.55,87.87,72.16,34.17,13.82,1408.75
"2012-10-25",60.83,88.79,72.64,34.05,14.2,1412.97
"2012-10-26",61.6,89.08,72.44,33.92,14.04,1411.94
"2012-10-31",61.43,90.45,72.35,33.96,13.98,1412.16
"2012-11-01",60.65,89.26,70.84,34.22,14.19,1427.59
"2012-11-02",60.43,88.33,70.18,33.63,14.43,1414.2
"2012-11-05",61.1,89.81,70.54,32.85,14.32,1417.26
"2012-11-06",61.09,90.78,71.14,32.71,14.57,1428.39
"2012-11-07",60.51,89.41,70.51,32.5,13.97,1394.53
"2012-11-08",59.57,87.06,69.9,31.84,14.07,1377.51
"2012-11-09",59.77,87.72,69.74,31.74,14.23,1379.85
"2012-11-12",59.73,88.2,69.9,31.84,14.28,1380.03
"2012-11-13",59.83,87.94,69.25,31.62,13.95,1374.53
"2012-11-14",59.15,87.06,68.77,31.35,13.77,1355.49
"2012-11-15",60.17,88.2,66.27,31.32,13.97,1353.33
"2012-11-16",60.23,88.19,65.61,31.25,14.23,1359.88
"2012-11-19",61.07,89,66.56,31.73,14.37,1386.89
"2012-11-20",61.06,89.51,66.54,31.8,13.8,1387.81
"2012-11-21",61.76,89.16,66.44,31.71,14.12,1391.03
"2012-11-23",62.5,90.24,67.7,32.16,14.54,1409.15
"2012-11-26",60.85,88.71,67.42,32.14,14.07,1406.29
"2012-11-27",60.65,88.94,67.03,32.1,14.18,1398.94
"2012-11-28",60.88,94.54,68.05,32.38,14.54,1409.93
"2012-11-29",60.86,93.89,68.31,32.8,14.61,1415.95
"2012-11-30",61.19,95.77,69.46,32.95,14.67,1416.18
"2012-12-03",60.38,96.39,68.8,33.31,14.49,1409.46
"2012-12-04",60.08,96.22,69.55,33.3,14.58,1407.05
"2012-12-05",60.13,97.64,69.48,34.57,14.97,1409.28
"2012-12-06",60.29,97.17,69.43,34.84,15.33,1413.94
"2012-12-07",60.37,97.26,70.1,35.08,15.38,1418.07
"2012-12-10",60.06,97.64,69.97,35.32,15.41,1418.55
"2012-12-11",59.54,97.01,68.75,35.62,15.14,1427.84
"2012-12-12",58.68,96.43,66.86,35.63,15.3,1428.48
"2012-12-13",59.37,96.56,66.95,35.48,15.35,1419.45
"2012-12-14",58.64,95.64,66.67,35.72,15.28,1413.58
"2012-12-17",59.21,97.48,67.11,36.09,15.42,1430.36
"2012-12-18",60.37,98.54,67.4,36.49,15.79,1446.79
"2012-12-19",59.63,97.38,66.45,36.19,15.7,1435.81
"2012-12-20",58.5,97.89,66.91,36.49,15.72,1443.69
"2012-12-21",57.77,98.18,66.57,35.29,15.52,1430.15
"2012-12-24",57.71,98.13,66.5,35.44,15.6,1426.66
"2012-12-26",57.39,97.38,65.93,35.63,15.51,1419.83
"2012-12-27",57.12,96.63,66.13,35.5,15.34,1418.1
"2012-12-28",56.77,95.69,65.57,35.51,15.32,1402.43
"2012-12-31",57.35,97.43,66.17,35.97,15.66,1426.19
"2013-01-02",57.01,100.11,67.15,36.99,15.88,1462.42
"2013-01-03",58.31,101.14,66.72,36.72,15.88,1459.37
"2013-01-04",58.72,100.81,66.97,36.13,15.84,1466.47
"2013-01-07",59.42,100.03,66.33,36.96,15.27,1461.89
"2013-01-08",58.78,99.84,66.52,37.09,14.91,1457.15
"2013-01-09",58.33,99.89,66.5,37.36,15.06,1461.02
"2013-01-10",58.46,99.41,66.29,37.48,15.2,1472.12
"2013-01-11",58.22,98.96,66.56,38,15.07,1472.05
"2013-01-14",58.53,99.05,66.24,37.94,15.08,1470.68
"2013-01-15",59.21,99.82,66.89,38.19,15.25,1472.34
"2013-01-16",59.43,100.19,67.12,38.28,15.38,1472.63
"2013-01-17",59.57,99.63,66.77,38.25,15.63,1480.94
"2013-01-18",59.64,99.86,67.11,38.1,16.14,1485.98
"2013-01-22",59.6,100.8,67.48,38.38,16.31,1492.56
"2013-01-23",59.16,100.77,67.39,38.4,17.18,1494.81
"2013-01-24",59.96,101.53,67.68,38.33,16.72,1494.82
"2013-01-25",59.65,101.01,66.91,38.55,16.82,1502.96
"2013-01-28",59.25,101.14,67.25,38.97,16.93,1500.18
"2013-01-29",59.45,102,67.78,38.93,16.71,1507.84
"2013-01-30",59.11,101.18,67.64,38.74,16.59,1501.96
"2013-01-31",58.55,100.99,67.84,38.83,16.66,1498.11
"2013-02-01",59.27,102.78,68.36,39.17,16.68,1513.17
"2013-02-04",58.98,101.13,67.52,38.88,16.65,1495.71
"2013-02-05",60.48,101.95,68.63,40.16,16.72,1511.29
"2013-02-06",60.76,100.63,69.15,40.27,16.78,1512.12
"2013-02-07",60.38,100.77,69.08,40.14,17.61,1509.39
"2013-02-08",60.57,101.7,69.32,40.23,17.49,1517.93
"2013-02-11",60.74,100.91,69.24,40.31,17.55,1517.01
"2013-02-12",60.8,100.69,69.24,40.77,17.68,1519.43
"2013-02-13",60.76,100.56,69.23,40.58,17.95,1520.33
"2013-02-14",61.15,100.94,68.68,40.95,18.07,1521.38
"2013-02-15",60.16,101.09,67.2,40.25,17.68,1519.79
"2013-02-19",60.31,100.82,66.68,40.79,17.71,1530.94
"2013-02-20",61.07,100.01,67.12,40.69,17.42,1511.95
"2013-02-21",61.8,99.63,68.14,40.71,19.88,1502.42
"2013-02-22",62,100.09,68.27,40.9,19.64,1515.6
"2013-02-25",61.31,99.03,68.31,39.75,19.7,1487.85
"2013-02-26",62.44,98.4,68.96,39.91,20.48,1496.94
"2013-02-27",61.53,99.67,69.49,40.27,20.58,1515.99
"2013-02-28",61.37,100.22,68.64,40.05,20.65,1514.68
"2013-03-01",62.52,100.35,69.57,40.42,20.86,1518.2
"2013-03-04",64.77,102.34,71.05,40.86,20.69,1525.2
"2013-03-05",65,102.06,71.49,39.83,21.03,1539.79
"2013-03-06",64.45,101.48,71.16,39.09,20.72,1541.46
"2013-03-07",64.19,100.89,71.1,39.25,20.71,1544.26
"2013-03-08",64.68,101.95,71.28,39.75,20.43,1551.18
"2013-03-11",65.64,101.36,71.23,40.38,20.18,1556.22
"2013-03-12",65.42,102.65,71.84,40.14,20.66,1552.48
"2013-03-13",65.73,102.33,71.88,41.85,20.77,1554.52
"2013-03-14",65.64,101.82,71.46,41.79,21.1,1563.23
"2013-03-15",65.12,100.68,70.76,41.65,21.56,1560.7
"2013-03-18",65.08,100.61,70.52,41.5,21.5,1552.1
"2013-03-19",64.79,101.04,70.71,43.76,21.55,1548.34
"2013-03-20",66.79,101.99,71.24,45.02,21.87,1558.71
"2013-03-21",66.34,102.43,71.38,44.81,22.08,1545.8
"2013-03-22",66.7,104,72.5,45.48,22.44,1556.89
"2013-03-25",66.69,104.36,73.06,45.18,22.6,1551.69
"2013-03-26",66.88,104.85,72.98,46.53,22.66,1563.77
"2013-03-27",67.31,105.51,72.99,46.21,22.97,1562.85
"2013-03-28",66.73,104.99,73.04,46.64,22.97,1569.19
"2013-04-01",66.93,104.69,73.62,45.95,22.4,1562.17
"2013-04-02",67.1,106.54,74.2,46.29,22.31,1570.25
"2013-04-03",66.27,105.24,74.18,45.29,21.97,1553.69
"2013-04-04",67.06,105.24,74.37,45.57,22.02,1559.98
"2013-04-05",67.12,104.68,74.56,45.98,21.72,1553.28
"2013-04-08",67.52,105.91,75.44,46.62,21.98,1563.07
"2013-04-09",67.18,104.67,76.25,47.26,22.33,1568.61
"2013-04-10",67.13,104.63,75.51,47.06,22.59,1587.73
"2013-04-11",67.38,104.89,75.92,47.61,23.26,1593.37
"2013-04-12",67.74,105.01,76.68,47.71,23.4,1588.85
"2013-04-15",66.76,103.11,76.59,47.56,22.97,1552.36
"2013-04-16",66.66,104.44,76.79,47.99,23.21,1574.57
"2013-04-17",67.03,103.66,76.63,47.49,22.99,1552.01
"2013-04-18",66.57,102.52,75.31,47.65,23.2,1541.61
"2013-04-19",67.3,103.35,76.41,48.27,23.14,1555.25
"2013-04-22",67.36,104.05,76.1,48.64,23.85,1562.5
"2013-04-23",67.93,106.12,77.19,48.54,24.2,1578.78
"2013-04-24",67.95,106.69,76.16,47.98,24.63,1578.79
"2013-04-25",68.89,107.98,76.76,48.62,21.2,1585.16
"2013-04-26",68.74,108.12,77.14,48.2,20.32,1582.24
"2013-04-29",68.86,107.48,76.51,48.34,20.49,1593.61
"2013-04-30",68.78,107.28,75.86,48.43,19.63,1597.57
"2013-05-01",68.76,107.08,76.19,47.87,19.79,1582.7
"2013-05-02",67.45,107.54,76.58,47.81,20.39,1597.59
"2013-05-03",68.72,108.59,77.35,46.97,20.88,1614.42
"2013-05-06",68.27,107.94,76.94,46.8,20.69,1617.5
"2013-05-07",68.77,108.55,76.94,48.12,21.03,1625.96
"2013-05-08",68.04,108.45,76.83,48.05,21.13,1632.69
"2013-05-09",67.73,107.99,76.98,46.77,21.06,1626.67
"2013-05-10",67.98,108.83,77.46,47.66,21.32,1633.7
"2013-05-13",68.04,108.85,77.08,48,21.49,1633.77
"2013-05-14",68.04,110.21,77.35,48.51,22.18,1650.34
"2013-05-15",68.97,111.94,78.41,48.94,22.2,1658.78
"2013-05-16",68.59,110.64,77.08,48.04,21.8,1650.47
"2013-05-17",69.63,112.17,76.46,48.8,21.92,1667.47
"2013-05-20",69.23,111.15,76,48.94,21.23,1666.29
"2013-05-21",69.83,112.59,75.99,49.29,21.19,1669.16
"2013-05-22",67.02,112.5,75.63,49.32,20.39,1655.35
"2013-05-23",67.29,112.31,74.95,49.58,20.39,1650.51
"2013-05-24",68.32,113.5,75.91,49.94,20.2,1649.6
"2013-05-28",68.11,113.93,75.92,49.41,20.39,1660.06
"2013-05-29",68.02,112.07,74.85,48.73,20.54,1648.36
"2013-05-30",68.41,111.01,74.26,48.21,20.3,1654.41
"2013-05-31",68.1,108.77,73.48,46.98,20.06,1630.74
"2013-06-03",69.62,110.01,74.32,47.71,20.22,1640.42
"2013-06-04",70.07,109.8,74.56,47.25,20.02,1631.38
"2013-06-05",68.76,108.32,73.89,47.84,19.59,1608.9
"2013-06-06",68.85,110.22,74.26,47.45,19.64,1622.56
"2013-06-07",68.94,109.72,74.95,48.61,19.8,1643.38
"2013-06-10",68.47,109.45,74.38,48.84,20.07,1642.81
"2013-06-11",68.59,109.16,73.89,48.73,20.32,1626.13
"2013-06-12",68.03,108.55,73.48,48.54,20.14,1612.52
"2013-06-13",68.19,110.01,73.64,49.25,21.63,1636.36
"2013-06-14",67.64,110.13,73.51,49.36,21.23,1626.73
"2013-06-17",68.45,110.83,73.59,49.56,21.2,1639.04
"2013-06-18",68.75,111.22,74.36,50.07,21.04,1651.81
"2013-06-19",67.49,109.33,73.11,49.41,20.71,1628.93
"2013-06-20",67.28,106.72,71.71,47.55,20.14,1588.19
"2013-06-21",67.44,107.8,72.18,47.92,20.06,1592.43
"2013-06-24",66.92,108.78,72.86,47.27,19.99,1573.09
"2013-06-25",67.74,109.39,73.02,44.48,20.29,1588.03
"2013-06-26",67.73,110.31,73.65,44.28,20.71,1603.26
"2013-06-27",67.41,110.62,73.9,44.17,20.96,1613.2
"2013-06-28",67.47,109.71,73.14,43.48,20.79,1606.28
"2013-07-01",67.93,109.57,73.24,43.62,20.48,1614.96
"2013-07-02",68.16,109.99,73.36,43.73,20.81,1614.08
"2013-07-03",67.98,110.04,73.41,43.4,20.72,1615.41
"2013-07-05",68.84,110.89,73.85,43.53,21.3,1631.89
"2013-07-08",69.75,111.74,75.32,44.59,21.47,1640.46
"2013-07-09",70.33,112.47,75.63,45.69,21.95,1652.32
"2013-07-10",70.58,112.76,75.38,47.07,21.49,1652.62
"2013-07-11",71.11,114.99,76.22,47.91,21.88,1675.02
"2013-07-12",71.1,115.55,76.22,47.96,21.58,1680.19
"2013-07-15",70.89,114.99,75.63,48.47,21.93,1682.5
"2013-07-16",70.62,115.62,75.97,48.46,21.81,1676.26
"2013-07-17",71.15,116.48,75.8,48.92,21.66,1680.91
"2013-07-18",70.96,116.15,75.94,49.72,23.13,1689.37
"2013-07-19",71.09,117.15,76.66,49.78,22.98,1692.09
"2013-07-22",71.56,117.13,76.46,50.42,22.75,1695.53
"2013-07-23",71.78,118.17,77.13,50.18,22.47,1692.39
"2013-07-24",71.84,116.98,76.81,50.25,22.42,1685.94
"2013-07-25",70.37,116.53,76.6,50.18,22.51,1690.25
"2013-07-26",70.02,115.66,76.59,49.99,22.83,1691.65
"2013-07-29",70.07,116.23,76.58,49.79,22.89,1685.33
"2013-07-30",69.98,116.02,76.48,49.19,22.68,1685.96
"2013-07-31",69.82,116.5,76.53,49.43,22.67,1685.73
"2013-08-01",70.14,117.42,76.8,50.3,22.53,1706.87
"2013-08-02",70.06,118.44,77.32,50.15,22.28,1709.67
"2013-08-05",70.54,119.13,77.34,50.13,22.06,1707.14
"2013-08-06",70.35,118.57,76.46,49.42,21.96,1697.37
"2013-08-07",70.24,118.72,76.43,48.88,21.67,1690.91
"2013-08-08",69.79,116.78,76.31,49.08,21.93,1697.48
"2013-08-09",69.3,115.03,75.96,48.8,22.02,1691.42
"2013-08-12",69.34,115.13,76.14,49.37,22.02,1689.47
"2013-08-13",69.76,115.05,75.93,49.72,22.61,1694.16
"2013-08-14",68.63,113.19,75.47,49.64,22.62,1685.39
"2013-08-15",67.69,111.21,73.51,48.56,23.12,1661.32
"2013-08-16",67.2,111.32,73.21,48.35,23.43,1655.83
"2013-08-19",67.29,111.49,72.69,48.04,23.51,1646.06
"2013-08-20",67,112.25,72.34,48.27,23.34,1652.35
"2013-08-21",64.59,111.38,72.66,47.94,23.08,1642.8
"2013-08-22",63.34,111.65,72.57,48.1,23.49,1656.96
"2013-08-23",63.45,112.48,72.55,48.3,23.46,1663.5
"2013-08-26",63.24,111.29,72.14,48.33,23.04,1656.78
"2013-08-27",62.38,111.09,71.97,46.78,22.83,1630.48
"2013-08-28",62.39,109.88,71.5,46.6,22.68,1634.96
"2013-08-29",62.27,110.81,71.55,47.1,22.88,1638.17
"2013-08-30",62.43,111.29,72.09,47.59,22.76,1632.97
"2013-09-03",62.7,111.4,71.8,48.25,22.72,1639.77
"2013-09-04",62.66,110.92,72.02,49,22.72,1653.08
"2013-09-05",62.58,114.02,71.79,49.69,22.79,1655.08
"2013-09-06",62.41,113.75,71.71,48.97,22.82,1655.17
"2013-09-09",63.04,114.75,72.62,49.72,23.07,1671.71
"2013-09-10",63.83,116.71,73.06,50.16,23.38,1683.99
"2013-09-11",64.08,118.63,73.15,50.24,23.38,1689.13
"2013-09-12",63.2,117.57,73.01,52.76,23.37,1683.42
"2013-09-13",62.87,116.42,73.46,52.93,24.78,1687.99
"2013-09-16",62.9,116.74,73.87,54.23,24.82,1697.6
"2013-09-17",63.48,117.29,74.24,54.37,27.43,1704.76
"2013-09-18",64.57,118.02,75.49,55.07,27.75,1725.52
"2013-09-19",64.48,118.58,75.28,55.43,27.67,1722.34
"2013-09-20",63.65,117.32,74.91,54.97,27.79,1709.91
"2013-09-23",63.5,116.96,75.49,55.67,27.99,1701.84
"2013-09-24",63.02,115.73,74.83,54.84,28.4,1697.42
"2013-09-25",62.36,114.81,73.74,54.3,28.25,1692.77
"2013-09-26",62.49,115.79,73.71,54.18,28.8,1698.67
"2013-09-27",63.05,115.12,73.46,53.97,28.55,1691.75
"2013-09-30",63.09,114.57,73.06,53.26,28.32,1681.55
"2013-10-01",63.02,114.4,72.7,55.68,28.3,1695
"2013-10-02",62.76,114.22,72.82,55.97,28.42,1693.87
"2013-10-03",62.57,113.82,72.27,55.4,28.09,1678.66
"2013-10-04",62.53,113.84,71.91,55.23,28,1690.5
"2013-10-07",61.81,112.82,71,54.64,27.86,1676.12
"2013-10-08",61.26,111.62,72.01,54.31,27.27,1655.45
"2013-10-09",61.82,113.99,72.11,54.46,27.26,1656.4
"2013-10-10",62.57,115.1,73.88,55.44,27.94,1692.56
"2013-10-11",62.33,115.29,73.91,55.4,29.87,1703.2
"2013-10-14",62.76,115.65,73.77,56.13,29.55,1710.14
"2013-10-15",62.05,114.76,73.47,55.74,28.98,1698.06
"2013-10-16",63.01,116.75,74.68,57.01,29.28,1721.54
"2013-10-17",63.96,117.64,74.86,58.17,29.55,1733.15
"2013-10-18",63.77,117.03,74.79,58,29.53,1744.5
"2013-10-21",63.8,116.77,74.24,57.8,29.15,1744.66
"2013-10-22",64.21,117.19,75.39,58.1,29.12,1754.67
"2013-10-23",63.37,116.55,74.98,58.2,31.49,1746.38
"2013-10-24",63.24,115.63,75.49,58.66,31.92,1752.07
"2013-10-25",63.18,115.83,75.15,58.6,32.34,1759.77
"2013-10-28",63.98,116.74,76.2,58.82,31.73,1762.11
"2013-10-29",63.42,118.13,76.12,59.16,31.4,1771.95
"2013-10-30",64.79,117.15,75.97,58.53,31.19,1763.31
"2013-10-31",63.89,117.38,75.82,58.65,30.89,1756.54
"2013-11-01",63.72,119,76.13,59.92,31.12,1761.64
"2013-11-04",64.31,119.71,76.39,59.55,31.08,1767.93
"2013-11-05",63.73,119.5,76.48,59.7,31.31,1762.97
"2013-11-06",64.78,123.42,77.21,59.24,30.32,1770.49
"2013-11-07",63.92,122.14,76.57,58.61,30.12,1747.15
"2013-11-08",64.2,122.14,77.01,59.1,29.23,1770.61
"2013-11-11",64.77,122.38,78.05,58.86,29.11,1771.89
"2013-11-12",64.53,121.81,77.75,58.89,29.84,1767.69
"2013-11-13",65.94,122.84,77.94,59.98,30.02,1782
"2013-11-14",65.74,123.41,78.12,59.83,30.5,1790.62
"2013-11-15",65.96,123.95,78.26,59.99,30.56,1798.18
"2013-11-18",65.95,122.98,78.26,59.83,29.25,1791.53
"2013-11-19",66.13,123.3,78.29,58.31,29.43,1787.87
"2013-11-20",65.99,122.43,77.94,59.11,29.35,1781.37
"2013-11-21",63.7,123.56,77.9,59.96,30.01,1795.85
"2013-11-22",63.22,124.87,78.84,60.21,30.35,1804.76
"2013-11-25",63.28,124.83,79.45,59.6,30.35,1802.48
"2013-11-26",63.39,124.84,79.7,59.25,30.56,1802.75
"2013-11-27",63.92,125.04,79.95,58.92,31.03,1807.23
"2013-11-29",63.45,125.09,80.02,58.91,30.95,1805.81
"2013-12-02",62.26,123.36,80.12,58.82,30.62,1800.9
"2013-12-03",62.34,123.49,80.22,58.43,30.95,1795.15
"2013-12-04",62.83,122.64,79.71,57.29,30.28,1792.81
"2013-12-05",62.16,120.62,78.93,55.84,28.89,1785.03
"2013-12-06",62.9,121.73,79.43,56.44,29.27,1805.09
"2013-12-09",62.76,121.33,79.44,56.39,28.98,1808.37
"2013-12-10",62.68,119.72,78.57,56.33,29.42,1802.62
"2013-12-11",62.45,118.25,78.58,57.4,29.61,1782.22
"2013-12-12",62.41,117.9,78,57.27,29.82,1775.5
"2013-12-13",61.89,117.59,77.58,56.74,29.67,1775.32
"2013-12-16",61.7,117.68,77.24,56.61,28.96,1786.54
"2013-12-17",61.18,117.23,76.75,55.98,28.92,1781
"2013-12-18",63.07,118.18,77.44,57.06,29.28,1810.65
"2013-12-19",61.68,117.67,76.74,56.67,29.23,1809.6
"2013-12-20",62.02,118.21,76.93,58.76,29.46,1818.32
"2013-12-23",61.41,118.37,77.37,57.26,29.02,1827.99
"2013-12-24",61.24,118.37,77.51,57.33,29.1,1833.32
"2013-12-26",62.01,118.31,77.89,57.39,29.11,1842.02
"2013-12-27",61.68,118.21,77.97,57.15,28.94,1841.4
"2013-12-30",62,118.45,78.13,57.56,29.13,1841.07
"2013-12-31",62.79,118.7,78.19,57.16,29.01,1848.36
"2014-01-02",62.7,117.49,78.4,56.36,28.91,1831.98
"2014-01-03",63.01,116.97,78.15,56.55,28.77,1831.37
"2014-01-06",62.58,116.09,77.71,56.86,28.2,1826.77
"2014-01-07",62.43,115.55,77.95,57.23,28.48,1837.88
"2014-01-08",62.22,113.74,77.33,59.07,28.78,1837.49
"2014-01-09",62.86,118.19,77.59,60.85,28.57,1838.13
"2014-01-10",62.15,117.53,77.54,60.07,28.63,1842.37
"2014-01-13",61.03,114.46,76.99,59.91,28.2,1819.2
"2014-01-14",61.24,115.92,77.46,59.71,28.57,1838.88
"2014-01-15",61.09,115.93,77.16,59.2,28.23,1848.38
"2014-01-16",60.35,115.25,76.27,59.6,28.24,1845.89
"2014-01-17",59.78,115.98,75.7,58.88,28.34,1838.7
"2014-01-21",58.75,114.62,75.35,58.45,28.5,1843.8
"2014-01-22",58.53,113.44,74.87,58.63,28.21,1844.86
"2014-01-23",58.21,112.5,74.48,58.07,27.86,1828.46
"2014-01-24",57.28,111.83,73.94,56.95,27.59,1790.29
"2014-01-27",57.27,112.78,73.67,57.12,27.75,1781.56
"2014-01-28",57.45,114.07,74.19,56.75,28.16,1792.5
"2014-01-29",56.46,111.93,73.62,56.23,27.87,1774.2
"2014-01-30",56.24,112.43,74.27,56.98,27.51,1794.19
"2014-01-31",56.21,112.06,74.2,57.07,27.82,1782.59
"2014-02-03",54.99,109.88,72.19,55.3,26.77,1741.89
"2014-02-04",54.7,110.59,72.26,55.68,26.97,1755.2
"2014-02-05",54.65,110.21,72.4,57.57,27.13,1751.64
"2014-02-06",55.44,113.95,72.35,58.93,27.52,1773.43
"2014-02-07",55.9,113.73,73.28,60.67,27.75,1797.02
"2014-02-10",56.08,113.54,73.29,60.36,28.53,1799.84
"2014-02-11",56.71,114.68,74.32,63.89,29.36,1819.75
"2014-02-12",56.52,114.81,74.48,65.1,29.14,1819.26
"2014-02-13",56.43,115.81,74.88,66.39,29.44,1829.83
"2014-02-14",56.06,116.1,75.3,64.78,29.97,1838.63
"2014-02-18",56.39,115.36,74.85,64.54,30.37,1840.76
"2014-02-19",57.31,114.91,74.37,65.51,30.82,1828.75
"2014-02-20",56.62,115.06,73.05,66.55,31.46,1839.78
"2014-02-21",56.24,113.19,72.65,66.32,32.81,1836.25
"2014-02-24",56.14,113.94,72.88,66.52,32.98,1847.61
"2014-02-25",56.51,115.46,72.88,66.95,33.07,1845.12
"2014-02-26",60.49,115.88,74.3,66.51,32.92,1845.16
"2014-02-27",60.66,116.22,74.08,68.19,33.23,1854.29
"2014-02-28",62.54,116.8,74.22,67.95,33.35,1859.45
"2014-03-03",61.96,115.75,73.64,67.4,33.86,1845.73
"2014-03-04",61.33,116.65,74.65,69.09,34.42,1873.91
"2014-03-05",60.6,116.47,74.32,68.48,35.16,1873.81
"2014-03-06",60.74,113.26,74.4,66.71,35.15,1877.03
"2014-03-07",60.75,113.5,74.58,67.21,34.38,1878.04
"2014-03-10",61.16,114.59,74.43,66.78,34.63,1877.17
"2014-03-11",60.94,114.71,74.92,66.52,34.42,1867.63
"2014-03-12",61.1,115.21,75.53,66.93,34.47,1868.2
"2014-03-13",59.73,114.41,74.93,66.93,34.13,1846.34
"2014-03-14",59.36,113.45,74.28,67.07,34.19,1841.13
"2014-03-17",59.67,113.46,74.68,67.34,34.12,1858.83
"2014-03-18",59.72,113.85,74.77,67.2,34.24,1872.25
"2014-03-19",59.48,112.85,74.38,66.83,34.18,1860.77
"2014-03-20",59.7,113.16,75.38,66.5,34.08,1872.01
"2014-03-21",59.45,113.83,76.1,64.75,34.03,1866.52
"2014-03-24",59.46,113.37,76.76,64.31,33.97,1857.44
"2014-03-25",59.06,113.93,76.87,66.42,33.95,1865.62
"2014-03-26",59.2,112.49,76.23,64.93,33.71,1852.56
"2014-03-27",59.74,112.03,76.14,64.35,33.58,1849.04
"2014-03-28",59.98,111.66,76.01,65.36,33.39,1857.62
"2014-03-31",60.51,111.68,76.43,66.03,33.07,1872.34
